expert_id,username,profile_pic
61820,ajay_shenoy,https://static.topmate.io/7Jn6xiUrQsncihaSqFGp6J.png
192597,shubham_wadekar,https://static.topmate.io/pGbDwovAjJJLnk26TPz6D4.jpg
42261,cloud,https://topmate-staging.s3.ap-south-1.amazonaws.com/gNo7vjjs7QsP4d6hcnpRvT.jpg
20851,aishwarya_srinivasan,https://static.topmate.io/7pXWU8fGN1xd6WzMQFDt9Y.avif
172054,melissagrabiner,https://topmate-staging.s3.amazonaws.com/fbJHYoavUQ8UP5kmpUVXXn.jfif
13586,sidharth_shukla,https://static.topmate.io/pTBpzeTUFYgPqdRVzxrkBA.jpg
318,diwakar,https://static.topmate.io/iArsT7edVR62Jo8481BKyk.jpg
175760,gabhru_in_uk,https://static.topmate.io/qqCPk9dk91jTd55tkMj2hf.jpg
44990,kavach_khanna01,https://static.topmate.io/eDjrekgQPAyEoXS6UgGVSs.JPG
18828,nishchay_agrawal,https://topmate-staging.s3.amazonaws.com/xmbU8LqLc4mAg3tt7jcpyp.jpeg
199743,manasbichoo,https://topmate-profile-pics.s3.ap-south-1.amazonaws.com/profile_pic_f2e8e5a5-75d6-49dc-a80e-434a0a9f70cc.jpeg
231684,genzcareer,https://static.topmate.io/29wpLPr9DLcPJ7j39rJUBd.jpg
285315,saurav_chaudhary_1,https://static.topmate.io/6jAQdbdV69pqbsr8DT4HQU.jpg
66112,piyushcanada,https://topmate-staging.s3.ap-south-1.amazonaws.com/5Qnhv11BgSXdafeuettHbV.jpeg
1637488,the_gen_academy,
6210,rajeev_sangwan,https://static.topmate.io/6e4H3Fubm477GZLEzzP5wm.jpg
350216,marina_wyss,https://static.topmate.io/esfxx5Y8ECRdTRcQsP5USp.jpg
33939,thomasguenter,https://static.topmate.io/64sViCh3J4oh4H3JCpfyEw.jpg
288556,harish_kavire,https://static.topmate.io/tk21gUACqGnDeF4zVgFBeJ.jpg
4765,odiaengineer,https://topmate-staging.s3.ap-south-1.amazonaws.com/4RxBikVvSpavseMcHmpUrD.png
222126,rajat_gajbhiye,https://static.topmate.io/2FQtVnnjF6Vscc5APBwbbv.jpg
267245,astrokarak,https://static.topmate.io/7XuvVQRLzUXnacw3aNZCwe.jpg
228306,ayush_chaudhary,https://static.topmate.io/6TMGx19bms4XdGJvbfo1ur.jpg
350639,learnwiththeatrewala,https://static.topmate.io/8E9ogche7Ny1CDQEfR2WPJ.png
179313,pinapathruni_saikiran,https://static.topmate.io/u7Yzfx8Tdwn4WfVZeHt1yQ.png
1533440,varun760,https://static.topmate.io/jQUNSnjst1zsiBs4Mhvp9a.jpeg
888721,codinglyf,https://static.topmate.io/dbeCePpadpnyjTUTEbE8g9.jpg
179456,greatstack,https://topmate-staging.s3.ap-south-1.amazonaws.com/beCDTUkJdRgHCR2iz15nEZ.png
29433,draditipaul,https://static.topmate.io/gX9CxECshseS2tT6ZCCRGR.jpeg
1415270,puneet_patwari,https://topmate-profile-pics.s3.ap-south-1.amazonaws.com/profile_pic_6708d835-8a9d-4849-a813-d4e9cb92bd7b.jpeg
15198,agrawal_nandini,https://topmate-staging.s3.ap-south-1.amazonaws.com/ivRhpH1Fvj4wLUBrL7jgCg.PNG
723536,shubham_shubham11,https://static.topmate.io/3HUkHNdPD9DPL9Zu95WZ76.png
146925,archana_goyal,https://topmate-profile-pics.s3.ap-south-1.amazonaws.com/profile_pic_0cfec32f-1f8c-433b-b004-a498692fbc13.jpeg
12661,imkaushk,https://static.topmate.io/cKx6RQeJa7ouYSCQqLZ43K.jpg
45090,prashant_verma,https://static.topmate.io/4FQbudj6fkJL4QocWhaBb6.jpg
117264,data_tutorials,https://static.topmate.io/4pdJG9rDGfYrNSdiPXYQU9.png
92292,dataengineering,https://static.topmate.io/qsbZkmuK39pi1XoKD2VF36.JPG
1109511,join2manish,https://topmate-profile-pics.s3.ap-south-1.amazonaws.com/Manish-Pandey-1750230309.jpeg
145146,amit_kumar_jha,https://topmate-profile-pics.s3.ap-south-1.amazonaws.com/profile_pic_6feaf189-823d-47d9-bb05-c9fcc082e7d4.jpeg
31269,nidhi_nagori,https://static.topmate.io/w5anXVKjbvvVpy9HyuzSdZ.png
995029,dennis_darko,https://static.topmate.io/4aCbLGPHQ5wxU3DCLYYGsD.jpg
56039,deenuji_loganathan,https://static.topmate.io/ubBxERPwpWAruJ64iCbp5s.jpg
202339,sahaja_madhuri,https://static.topmate.io/vwuzRkEAk6MJDHNQzGJ5zd.JPG
231234,harry_singh12,https://static.topmate.io/uoEhpSSs52TqJb262PToCT.jpeg
118948,aashin,https://static.topmate.io/pGcD9f6qX1N8FkkcWD3dCE.png
21168,syednadeem,https://topmate-profile-pics.s3.ap-south-1.amazonaws.com/Syed-Nadeem-1668923396.jpeg
210748,harwindersingh_sapconsultant,https://static.topmate.io/cuoWnYqZNk47HjstbEz4aX.jpg
205908,akash_joshi,https://topmate-profile-pics.s3.ap-south-1.amazonaws.com/profile_pic_9bf1bd4a-34d7-43e4-9184-4da8cedc8386.jpeg
314224,codtech_it_solutions,https://static.topmate.io/odFwGNzHETa9MosE4BYiDC.jpeg
1425646,utpal_mahata,https://static.topmate.io/qn8iXci68CG1Q4pCx7yfRH.jpeg
1379478,rabi_sankar_mahata,https://topmate-profile-pics.s3.ap-south-1.amazonaws.com/profile_pic_67beec3d-6278-46a1-96c3-65aeb9a2788b.jpeg
36923,madadwoman,https://static.topmate.io/nMMrhNCaFMBFWjP6sADZbp.png
1613378,kartikkapoorconsultation,https://static.topmate.io/fvb11zayJ7CWRMfG2jsVfr.jpg
18018,anuj_niranjan,https://topmate-profile-pics.s3.ap-south-1.amazonaws.com/Anuj-Niranjan-1666955066.jpeg
44827,gurpreet_kaur_jaggi,https://static.topmate.io/ebiJwYzFn5KeGFtsMd4SqJ.jpg
114265,coachaksingh,https://static.topmate.io/vywYvGsUVJv7s3LCUWGUyy.png
159089,poorvi_chothani,https://static.topmate.io/tXv2dnwYkTyJAi7378Vkj1.jpg
1511301,rakeshdl,https://topmate-profile-pics.s3.ap-south-1.amazonaws.com/profile_pic_22c31cf4-1cad-4764-b70c-6e7aeeb2ac54.jpeg
236315,charulmotwani,https://static.topmate.io/hiMDy294e4z2FC1VGeYq8U.jpeg
34818,knowledge_buddy,https://static.topmate.io/tRZk8qDYq5frAW5GVVXqZJ.png
75727,chempractice,https://static.topmate.io/qTtepWy24mEpH3nSo7q7Ws.jpg
411740,ritika_bhateja,https://topmate-staging.s3.amazonaws.com/qanproim1NTAPeJHKw9hyk.png
232390,returntoindia,https://topmate-staging.s3.ap-south-1.amazonaws.com/eMGdvRd6FYRSpQmZB91gJP.jpg
256365,ekta_db,https://static.topmate.io/mr9eexr3txepeMBbaDfgCW.JPEG
745627,dipak_shekokar,https://static.topmate.io/3uo5Eq4PmqdEUQg42uqQpr.jpg
1568409,gutregeneration,https://static.topmate.io/pRKUisP9i15MiidQ2MSaGz.jpg
84117,chthakkarsap,https://topmate-staging.s3.amazonaws.com/4XuL6i9QLRbcuT75mW2H95.jpg
7143,rahulbansaledits,https://static.topmate.io/eErJVeQqZ9iuhXGhpWHjdj.PNG
234114,bunmaskka,https://static.topmate.io/sBKhcKu2Qfh2YjHfdRzmUm.jpeg
1587311,zimom_tales,https://static.topmate.io/fXLBALhoXA1rCEXjYuCsM7.jpeg
402200,praveen_patel,https://static.topmate.io/oEcBsKNGvumAmAdEqMjNd3.png
22401,arjun_vaidya,https://topmate-profile-pics.s3.ap-south-1.amazonaws.com/Arjun-Vaidya-1669635486.jpeg
1512086,diksha_sharma_talent_consultant,https://static.topmate.io/tj5E6PARycPz2G7RqmsoEh.png
19940,tarunmakhija,https://static.topmate.io/ckD6LMWH5VVqRrH5bxu3h3.png
46260,nidhi_dudeja,https://topmate-profile-pics.s3.ap-south-1.amazonaws.com/profile_pic_808a9a58-27b0-4cf7-87df-b0f931285d07.jpeg
1149214,aishwarya_puri,https://topmate-staging.s3.amazonaws.com/4GAZrJyYxK8vowD6TEbG9k.jpeg
21104,navin,https://topmate-profile-pics.s3.ap-south-1.amazonaws.com/Navin-I-1668873875.jpeg
274282,sdejobsandinternships,https://static.topmate.io/6aK1FByyykUPSUfXmSorab.jpg
7907,anand_narayandas,https://static.topmate.io/rvgFHfCu6Gj22Ceq6H8bpS.jpeg
779208,manjinder_brar,https://static.topmate.io/h3u1S84Qq1njphNVaAmsA6.jpeg
115170,vaishali_salve,https://static.topmate.io/jWPjiEmoyrdSedKatGNk9F.png
234251,vishakha_sadhwani,https://topmate-profile-pics.s3.ap-south-1.amazonaws.com/profile_pic_31a73c83-4f7e-4cb2-9ccf-ea5abed80741.jpeg
1677107,nabaneet_pradhan,https://static.topmate.io/5VTHB42ymVyS6qMrCcr4Yv.jpg
27364,japneet_sachdeva,https://static.topmate.io/fovVpBy3Ad5SKHfXxD81Zs.jpeg
13615,rani_dhage,https://static.topmate.io/nwp6j9TXwAHPEFPNq8eorb.jpeg
123061,divya_misra,https://static.topmate.io/afC484shKbEj1niyAXfGxL.jpeg
287095,oyepanky,https://static.topmate.io/kf2nqw48WShGoKfUjqPfSw.png
1413460,fashion_collective,https://static.topmate.io/r5XvE5vNjxcYrshTaEyHZa.jpg
859984,the_serene_sedator,https://static.topmate.io/ezpDKSJHhVt13LYSwPkyc4.jpeg
38103,aarti_samant,https://topmate-staging.s3.amazonaws.com/dnwBnttZqvqpDCBSPAZYoq.png
140254,nirmal_budhathoki,https://static.topmate.io/c3kYm2tAqbWY7YB2811KHa.png
1359565,ana_pedra,https://static.topmate.io/fLkU7sNrCnZoG2gzNodmEH.png
73685,sunand_sharrma,https://static.topmate.io/eQ1trvA6hC8oHEoELXbksx.png
375203,mentoringbyaneri,https://topmate-staging.s3.amazonaws.com/6s3VQUmofgA9PkLe6FZeZ3.png
282081,mastishkaabykavitaojha,https://static.topmate.io/phkmE9FDrRkysDN8hRbFCB.jpeg
90337,sumant_malhotra,https://static.topmate.io/8dLeuUDTyBbSgxRRVk9iQM.jpeg
246787,mehar_verma,https://static.topmate.io/sq4bdU4EwM6JCKCciNgMD9.jpg
4123,technomanagers,https://static.topmate.io/3AHrKtYKwWmbLP5Jx7cyyZ.png
6479,fizakazim,https://topmate-staging.s3.ap-south-1.amazonaws.com/nCXR9TBqaUEUumG8eEiQqD.jpg
212914,digital_girl_dubai,https://static.topmate.io/hBs5zAEmAT1NBXTCNjKgZy.jpg
106211,sachincw,https://static.topmate.io/huziwLEvWURoTjR1qgzc4X.png
1655092,amlanjyoti,https://static.topmate.io/6ekydLZCW8a9zeNXmpV4dN.JPG
156116,helloipsita,https://static.topmate.io/xjXqkiXkCnaskC8zu3CU5k.jpeg
182149,rd_automation_learning,https://static.topmate.io/hrpGiBnGuss5jnFr3kngdr.png
33373,ayushi_mishra,https://static.topmate.io/rgkfvvHkqFZFufW3SpzbeZ.png
997993,all_about_cfd,https://static.topmate.io/vSmfAqRkj84ENFH4JcE8c8.jpg
10643,dinesh_varyani,https://topmate-staging.s3.ap-south-1.amazonaws.com/mcSVPtnXKKMkwAQiNu2EX9.png
945699,qfc,https://static.topmate.io/tCvG6Xk5K8bUpxd1S1Pqd1.jpeg
1422903,kabirchugh,https://static.topmate.io/uYzQAuY8vfzqdwPh8H3UCr.jpg
246394,soul_network,https://static.topmate.io/iYHF56VekDDzbQm4QMogjT.png
61789,nitinagam17,https://static.topmate.io/dXZXqpB1xCtY4mxFfJX6Li.jpg
343859,thegrowthdesk,https://topmate-staging.s3.amazonaws.com/a3U8MFG2izriGmEQP6eZvU.png
1016109,suresh_kumar93,https://topmate-staging.s3.amazonaws.com/aFxWCksbxX6tS9faN51Aqt.JPG
53664,murrad_beigh,https://static.topmate.io/hUhezF3YxZW5taUzhSU3nb.png?X-Amz-Algorithm=AWS4-HMAC-SHA256&X-Amz-Credential=AKIAXXBHRVOSVXLSO4PD%2F20250820%2Fap-south-1%2Fs3%2Faws4_request&X-Amz-Date=20250820T082534Z&X-Amz-Expires=300&X-Amz-SignedHeaders=content-type%3Bhost&X-Amz-Signature=0101ff42a83448f8a81f81f2262b0fa9030866c662f09e0fb5d0316d02da986e
4308,code_bashers,https://static.topmate.io/f8JWKvMnBNyjtQ59gxLhVn.png
99994,gaurav_sejwal,https://topmate-staging.s3.ap-south-1.amazonaws.com/7w5Z95mEorKj7XuSvbJFmd.jpeg
192578,manuelvivo,https://static.topmate.io/uk7mqu13CjdHHvWy76JVts.jpg
223365,poojavegesna,https://static.topmate.io/t6shv5RWAcdMu8zCEA4Nry.jpg
70225,akanksha_gupta11,https://topmate-profile-pics.s3.ap-south-1.amazonaws.com/Akanksha-Gupta-1683952799.jpeg
1309639,sivpri,https://static.topmate.io/jVumPaJJdvUyKZsbMBPfqL.jpeg
1536055,manish_kumar568,https://static.topmate.io/pJWq9H8dxfdBuC7d98Ecxc.jpg
1382780,kukkur_vachan,https://static.topmate.io/2T1u4ADfwajubcu6tBk4ZL.JPG
143658,mitravranda,https://static.topmate.io/ffFnaqcxA8a52ZenSiwomg.jpg
316534,thisis_alaska,https://static.topmate.io/fJpa4r45eN2EHHsNZxoZmG.jpg
23104,learnwithfaiz,https://topmate-staging.s3.amazonaws.com/6aUcX2umeHFTfkJkFLXB1o.jpg
99638,shikhar_chaudhary,https://static.topmate.io/9GrEjh5vfsGFpGd5kWB7ND.png
1592582,moongirl_tarot,https://static.topmate.io/3NHmHqD6baCTiGFa3naP4W.jpeg
162161,ivopinto,https://static.topmate.io/g3D4u5gM6986gjJfQDwf2J.jpg
225809,vasanthan_ramakrishnan,https://topmate-profile-pics.s3.ap-south-1.amazonaws.com/profile_pic_76934f76-195a-499c-8f40-e8db868121cd.jpeg
383551,priyasha_crackxat,https://topmate-staging.s3.amazonaws.com/nJpNcyqU1EWG7NhQ2mm4LX.jpeg
650730,thenawazshaikh,https://static.topmate.io/tb1fKMxiho82YA9Q8bWeKK.png
212246,marco_pfeiffer,https://topmate-profile-pics.s3.ap-south-1.amazonaws.com/profile_pic_b5918b9b-e536-4b0a-92af-4128144b1cb3.jpeg
220160,anshuman_sinha,https://topmate-profile-pics.s3.ap-south-1.amazonaws.com/profile_pic_ae6edd5f-ddf6-4029-a910-6b27d5d43c5f.jpeg
227473,youleadbyhajara,https://static.topmate.io/26h1VGYwFa5ji8hszEWamC.jpeg
241196,vivek_kumar52,https://static.topmate.io/cvqfPU15521MFmauRR3i2f.jpeg
1503562,riyah_samnani,https://static.topmate.io/h79uYT5BeLKLArKuyAA87n.jpg
323097,anand_gaur,https://static.topmate.io/csxYxZfPgBS8r8hvGsHKwN.JPG
735420,tekno_uf,https://static.topmate.io/qyHjQ18DALrWrE2PCxRKDH.png
215515,gdq,https://static.topmate.io/oe4FFFnwg8FaAyMKAfhewc.jpeg
154232,priyanka_ahuja,https://static.topmate.io/tnZnGDj1HC1bKLeoasM6Qo.jpeg
1399643,sunitha_akella,https://static.topmate.io/7qLJ7VmErK9VyhUbpHbbxx.jpeg
411421,growithanimesh,https://static.topmate.io/nUygNNUjdYXz554wwgZk4s.jpg
3953,tanmay_goel,https://static.topmate.io/wYK1p1qfQBchCCuuDkds7u.png
64767,akanksha_sharma14,https://static.topmate.io/mtGf6MkcwB4pTwjZFpYwS2.jpeg
257996,bhavyavignesh,https://static.topmate.io/nomHYKiB57qx9RwRKi6oqN.JPG
365092,prakash_r10,https://static.topmate.io/azxKqVexdKDR6DcmBj5GT8.png
152692,interviewswithsumit,https://static.topmate.io/fftKft9os66QRqAKxDsRm5.jpg
160832,kaushikkumar,https://topmate-profile-pics.s3.ap-south-1.amazonaws.com/profile_pic_33d939db-f2a2-4a42-b6a3-e5a17d937a81.jpeg
129213,pankajmaheshwari,https://static.topmate.io/7GadmF1qb1SZNW5bfaUor3.JPG
19833,ankita_gulati,https://static.topmate.io/gZYBbhmr9xf2JC1NvnDuuj.png
7362,sandip_das_official,https://topmate-staging.s3.ap-south-1.amazonaws.com/pKyeHJxX5JuYwuJ9NRCMu9.jpeg
175894,dr_shikha_soni,https://topmate-profile-pics.s3.ap-south-1.amazonaws.com/profile_pic_b035a1c4-9a70-4536-9eed-2e9d3917efac.jpeg
668470,ketan_kulshrestha,https://topmate-staging.s3.amazonaws.com/hoS8tN8W1RUAHknPJw6x6C.jpeg
167766,vikasnagwan,https://topmate-staging.s3.ap-south-1.amazonaws.com/tKTWnvdAG8YB4ojU3F4PYK.JPG
207366,meeratamboli,https://static.topmate.io/wVpcF2SmY3oE4za33574Zq.jpeg
63602,mukul_tijare,https://static.topmate.io/cTjsyMHqNK4Hu3nevVa2bx.jpeg
6888,shubham_soni,https://static.topmate.io/tZrMtP3BiDrVs37dLrydKx.jpeg
241201,cathleen_a_zappulla,https://static.topmate.io/uQzAWHNLtYFGPs66C3MNSh.png
20416,lexspeak_legal,https://static.topmate.io/dnKFe4KxzKYEEbc2VeRiff.jpg
349815,mehreen_jan,https://static.topmate.io/eXafFbXUk9uXjwqn5gHLeU.JPG
13523,sindhubiswal,https://static.topmate.io/kfY9rS2UZDYDZC3pRSvWG3.JPG
346448,rajat_jain01,https://topmate-profile-pics.s3.ap-south-1.amazonaws.com/Rajat-Jain-1731575187.jpeg
100511,fisayogracieabby,https://topmate-staging.s3.ap-south-1.amazonaws.com/7nNMytAv7anjC3Nom6bkPC.png
110186,achyutmenon,https://static.topmate.io/s9JfdxdkHWYmNbFRBQpT7o.png
107014,shilpa_das10,https://topmate-staging.s3.amazonaws.com/5ZWKaw4aNGLUgDFS85mycL.png
383635,dr_naveen_nagarajan,https://topmate-staging.s3.amazonaws.com/kZSVFyopzVCERtaM4iJSSA.png
35314,revanth_murigipudi,https://static.topmate.io/wk1TmG5E8yFaXHgwgnCoFJ.jpg
13563,vatsalnahata,https://topmate-staging.s3.ap-south-1.amazonaws.com/pG9nq3QV9YUt93iowFiair.png
1607707,devika_biswas,https://static.topmate.io/gd9czr5iJ8LfuBN7LFSi6p.jpg
70098,knightofsteel,https://static.topmate.io/vr6httS6AoXySETTg9Df6r.jpeg
1502,manohar,https://static.topmate.io/kJuiktNW5DYSJsBVTsH1h5.jpg
65573,lets_connect_with_pragya,https://static.topmate.io/sonNisvutwh5u6KdyotLzp.jpg
369274,jessicaa,https://static.topmate.io/wNL42u3yrbHSChzXnByuFz.png
382547,hemar,https://topmate-profile-pics.s3.ap-south-1.amazonaws.com/Hema-Ramrakhyani-1735701295.jpeg
139403,abhishek_raj_iit_datascientist,https://topmate-staging.s3.amazonaws.com/71ZwLigW6U2WvhFW5S4L1y.jpeg
254605,qa_engineer,https://topmate-staging.s3.amazonaws.com/a7jwRfWJfNWSPW4w3yqsAA.jpg
234568,sheetmetric,https://static.topmate.io/nhY1aXase61C1GF8cTcBAy.png
342895,sijurajan,https://static.topmate.io/m17X5vT6V9TFmtbG4AqGfk.png
259293,dr_aleena_baby,https://static.topmate.io/8xKdUcvjNq9utqiGwcZPr7.png
82435,tajamulkhan,https://topmate-staging.s3.amazonaws.com/4FHwaL8kxZjQqUgZu6Lgte.png
184132,manifestingwithshraddha,https://static.topmate.io/ffpaAL9CCb8acmu9r9dLGj.jpeg
201894,ca_pulkit_gupta,https://static.topmate.io/hJNJi9ZA2JTPjx8SLSDQVq.jpg
333867,pranay_gaurav12,https://static.topmate.io/xczDRCzLJb4JQQucHgVZrK.jpeg
123605,bhagwat_bhokare,https://static.topmate.io/ddtSKCk5eW9EY7kuEVV5RS.jpeg
282929,anjaly_anilkumar,https://topmate-profile-pics.s3.ap-south-1.amazonaws.com/profile_pic_26308753-1576-4306-85b8-54cad0c34740.jpeg
185547,jegan_kennedy,https://topmate-staging.s3.ap-south-1.amazonaws.com/52TVwPEe1o8t6tXUmPw5q6.jpg
333468,rounaq_bakshi,https://static.topmate.io/7rDb4siKjT1BnNmukw2Sdx.png
1221914,rohitdecoded,https://static.topmate.io/ajSFnLsXtu8Jkq3aKPPMvt.png
30878,testingsociety,https://topmate-staging.s3.amazonaws.com/8Rro6gXvAL8iwPDeEu5z9p.png
1496596,upamanyu_deka,https://topmate-profile-pics.s3.ap-south-1.amazonaws.com/profile_pic_c3bfc45d-fcb0-4291-86d4-797d5fb5d761.jpeg
44670,shubhika_singh_chundawat1,https://static.topmate.io/r4Em4MRdqaFd7nZ5R1aqDs.jpg
210105,zero_analyst,https://topmate-profile-pics.s3.ap-south-1.amazonaws.com/profile_pic_27c18789-11a6-4789-85e8-3427de925760.jpeg
211920,shambhavi0,https://static.topmate.io/jigkQ8Zamcb9ecYZjwoQ6i.png
24325,neha_thehabitplatter,https://static.topmate.io/x3CFa3bXJ1vwg7nYiHzzHX.jpg
297273,nomad_dataengineer,https://topmate-staging.s3.amazonaws.com/8x6WBeyTJugW8J8ErPfai5.jpg
164303,mansi_shah10,https://static.topmate.io/t8ycsn8JMuHZJ49Swy6e8T.png
180609,learnfrenchwithanks,https://static.topmate.io/5pQeNUcfLdfsWjUidaEQVD.jpg
1305350,pratik_g_sadedar,https://static.topmate.io/6QYH9CZSwfGZwfzCwTkf75.jpg
13869,aashnajain,https://topmate-staging.s3.ap-south-1.amazonaws.com/19Vku8EtTEjPWRuPeqSSM9.JPG
114186,hisahil,https://topmate-staging.s3.amazonaws.com/w8RvtnsW9R5YiyzxAtdRF8.jpeg
11564,iamsantoshmishra,https://static.topmate.io/qhUwFPNvdVPHVC35bMgnmA.png
385074,mint_pattanan,https://topmate-staging.s3.amazonaws.com/kT3wjnbe84f7wbG9yhXHdF.png
324245,deepika_shrivastava,https://static.topmate.io/vsZ1W5ZLRuTWzFiAipJC69.jpeg
315377,egorhowell,https://topmate-staging.s3.amazonaws.com/dj2eTEvzdMHDukkL5n97bc.jpeg
264577,sangeeta_singh,https://static.topmate.io/oJYEGcjz3m1S9PhXoyngvu.jpeg
1447958,raphaelolu,https://topmate-profile-pics.s3.ap-south-1.amazonaws.com/Raphael%20Oluwasanmi-CSPO%C2%AE%2C%20SAFe%206%20Agilist%C2%AE%20PMP%C2%AE-1758049517.jpeg
13378,durgesh_yadav,https://static.topmate.io/uD2wR7U2e4rxrVd1cRs3en.webp
192397,theayushimathur,https://topmate-staging.s3.ap-south-1.amazonaws.com/xeL2Yby7EmRerkewSmYknP.jpeg
311976,gseh,https://topmate-profile-pics.s3.ap-south-1.amazonaws.com/profile_pic_1c63caa7-97bb-4289-8e82-3c05941f0a60.jpeg
75446,sajithkumar_swaminathan,https://static.topmate.io/fMheYmi4poAAAJ48Bt2SGA.jpg
1361066,arihantbaidofficial,https://static.topmate.io/9W3d7c9a1NyKvAjzenp2Vz.jpeg?X-Amz-Algorithm=AWS4-HMAC-SHA256&X-Amz-Credential=AKIAXXBHRVOSVXLSO4PD%2F20250822%2Fap-south-1%2Fs3%2Faws4_request&X-Amz-Date=20250822T120642Z&X-Amz-Expires=300&X-Amz-SignedHeaders=content-type%3Bhost&X-Amz-Signature=12c7d8b3cbee66c50295313caaf43dd848493ef45319614b96d5d403a3555e9b
236014,jasmeensood,https://topmate-staging.s3.amazonaws.com/erb6koYUUsgVdwM3oBUv2i.png
265071,techjourneywithankit,https://topmate-profile-pics.s3.ap-south-1.amazonaws.com/profile_pic_983fa702-f18d-448c-848b-bb026e134c17.jpeg
17047,ajay_kadiyala,https://static.topmate.io/95EcRJVWcN21fV2Vb22Wzf.jfif
201389,srestha_das,https://topmate-staging.s3.ap-south-1.amazonaws.com/5dAHGp8z8Mjpp9AP8WuG6d.jpeg
262723,parul_barapatre,https://topmate-staging.s3.amazonaws.com/stJxy3zAYJZhuxMbw7i5UP.jpg
321557,commonjob,https://static.topmate.io/eukm8vK1RDPNojmmcfnE4x.png
95258,iamparagjain,https://topmate-staging.s3.amazonaws.com/5nQ6zorMYyF4orMaUjh2jo.png
272801,roshansuvarnaastrology,https://static.topmate.io/u153BrnajDDddr8ZcoPhCt.jpeg
1056193,snestronsystems,https://topmate-staging.s3.amazonaws.com/fcY3MRexExSaNYByJkcAPJ.png
60098,alex_andorra,https://static.topmate.io/qD9yryQ7LkePQ5n7jUURZe.jpg
379106,rahul_vijayan,https://static.topmate.io/h9kVrXNVYSahpi6sWaEt42.png
5461,payalineurope,https://static.topmate.io/sPjT6eEgK7e279PKVUTyMJ.jpeg
1298732,dhanashree_kumbhojkar,https://static.topmate.io/3TtNDgdMim7tbryYGajRFW.jpg
1361,muthuraj,https://static.topmate.io/nttj6cwchrzy1zoQCf4wk9.png
272312,manali_kulkarni,https://topmate-profile-pics.s3.ap-south-1.amazonaws.com/profile_pic_7b9ee7cd-60c8-4060-b34f-b23ee5d8f1fd.jpeg
313228,amitesh_kumar_ray,https://static.topmate.io/k72eqmk8Gw6Ez2MVYuxsUK.JPG
1397058,sachin_p12,https://static.topmate.io/3cdSyRADfB41fGYdiSBouX.png
510345,amit_upadhyaya,https://topmate-staging.s3.amazonaws.com/rzBNXCBgTJZgZgcPP8gSsY.jpg
100461,tripathi_aditya_prakash,https://static.topmate.io/694VbayracY1AxnMtwVK4h.png
1686554,ujjwalksittu,
90549,maveesh_velayudhan,https://static.topmate.io/rfVLfZ8x4iKeqRmPWqDh7S.jpeg
100648,meharsindhubatra,https://static.topmate.io/2Go4Er1wAbRx8aaj7dfvJt.jpg
1080929,mrnj,https://static.topmate.io/k6S73NWB4aT1LQYp9NrfbW.jpeg
390531,themraadul,https://topmate-staging.s3.amazonaws.com/jGTDn4W9P4Tva9BMQRWUXm.jpg
40240,murrad_on_run,https://topmate-staging.s3.ap-south-1.amazonaws.com/j2zTUvBbdChq7D3ZA1m2ZX.jpeg
298368,powerbi_masterclass,https://static.topmate.io/aDa4bWPCLqnwwRYHfrrgjc.jpg
1640257,not_cyborg,https://static.topmate.io/4aD3HNuNhTxg3agV4uqpfd.png
4004,wanderess_priyanka,https://static.topmate.io/wMLKnSwLpYdAtZQu5NeNnz.png
303483,anubhavjain,https://static.topmate.io/p1Xez7Tqax9X1V9jeRWpZv.JPG
380675,arpit_sharma16,https://static.topmate.io/3jBi1imZotr7R5ajjvXpXa.jpg
177791,mohdaamirbeg,https://static.topmate.io/1fKeSESohw8poNkXNkQM1D.webp
275554,codefarm,https://static.topmate.io/wQAU7d3kcc8mgiMLeJSzr8.jpeg
126655,manosaathbypratiksha,https://topmate-profile-pics.s3.ap-south-1.amazonaws.com/profile_pic_8d50f7fb-f382-4138-9b56-5df4475d8fcf.jpeg
1128622,surbhigupta,https://static.topmate.io/9dNf8hji6EinpW9xdC9X56.JPG
1317813,codeforvn,https://static.topmate.io/54RzRXe38ER6b4rXuHGVUo.png
337829,ajaykumarojha,https://static.topmate.io/dmYgz6UWwomLgmFw9kPYDD.webp
1465250,buildmledu,https://static.topmate.io/mjGnGm19A9adUkXNJ2GW6t.png
324081,ankit_purohit_japan,https://static.topmate.io/ozKrL99UekMmkiPYUpKnxw.jpg
140703,karan_in_london,https://topmate-profile-pics.s3.ap-south-1.amazonaws.com/profile_pic_e76fcbfd-55b2-449a-a031-6a9ea742c7d9.jpeg
36302,simranjeet97,https://static.topmate.io/8iHAWdv8mM3koDAChAZAme.jpeg
1634482,rhea_sondhi,https://static.topmate.io/3deFd3kCEXXTGKLauGeEtT.png
1235491,ankita_srivastava23,https://static.topmate.io/xrfQYF9jHMT7ox2vqfpkwc.jpeg
212584,abhilasha_gupta,https://static.topmate.io/1vPym3HDPSmfuUygsDTMAu.png
386208,datasense,https://static.topmate.io/abFtGTtBuJLUbZTKuS9knL.jpeg
291859,sattvasangha,https://static.topmate.io/7ywL1S89A4zLgAorc4LG4q.jpg
217880,batool_on_career,https://static.topmate.io/fwL9b4Q3QTJV2UNWfYWxrq.png
271286,sarthak_kukreja,https://static.topmate.io/3zW2izzn1tVgKaigLqWxBB.png
351044,jaganingermany,https://topmate-staging.s3.amazonaws.com/7bhG3jWGM8D169TmRBWCm9.jpg
38256,steuer_cube,https://static.topmate.io/4TiyoMMLM8LnhNnRqN1DQg.jpg
96276,aparna_debnath,https://static.topmate.io/7CFx9YoRYZFBRXHHpmR66d.jpeg
76688,ishitaakula,https://static.topmate.io/dzZ4WZmYamCrHLjSZZyEs8.jpg
160329,sumi_jaiswal,https://topmate-profile-pics.s3.ap-south-1.amazonaws.com/profile_pic_15fb1917-2450-463c-a665-f69a163ea7ba.jpeg
519365,jyotsnamarisetty,https://static.topmate.io/6sk48HiMWzZoZQ4ob7KMtA.jpg
2607,sahil_bhadviya,https://static.topmate.io/gvUQ8efUD47niM3Sc6uTkk.png
106236,apurvaa_subramaniam,https://topmate-profile-pics.s3.ap-south-1.amazonaws.com/profile_pic_1ad93d7c-e591-48ee-a351-ad80eb3b5261.jpeg
216503,neha_malik,https://topmate-profile-pics.s3.ap-south-1.amazonaws.com/profile_pic_bfb58067-16df-4127-a44e-035ff0ce5b54.jpeg
9632,jash_radia,https://topmate-profile-pics.s3.ap-south-1.amazonaws.com/Jash-Radia-1660830610.jpeg
332589,bhavesh_arora,https://topmate-profile-pics.s3.ap-south-1.amazonaws.com/profile_pic_8fd2f86b-98b7-4c5c-a39f-a7285bb7324f.jpeg
400927,nikoo28,https://topmate-staging.s3.amazonaws.com/4D3VtWg3vpdiEkuobhrsAh.jpg
302507,sachin_artani,https://static.topmate.io/rmr8AWf5HVt1fqsMdL8fc6.png
426040,ajay_kumar79,
194012,yajandua,https://static.topmate.io/tY3EKS2yDPesx9RmbTWGY1.jpg
152338,mark_tinderholt,https://topmate-profile-pics.s3.ap-south-1.amazonaws.com/Mark-Tinderholt-1697995504.jpeg
275186,magdascrobota,https://static.topmate.io/m6hNb9YYYJep8pUbwkNU7S.jpg
336183,thedatapathway,https://topmate-profile-pics.s3.ap-south-1.amazonaws.com/profile_pic_27dcc73e-68e7-4193-92d1-47f840e15a6a.jpeg
206571,sakshi_tyagi10,https://static.topmate.io/tEMYTuaoipEQ1zUZR7ZViH.jpeg
72490,snigdhadey,https://static.topmate.io/uKBn9Dcrz3CKS8xphw5K36.jpg
218133,mohit_geat,https://topmate-profile-pics.s3.ap-south-1.amazonaws.com/profile_pic_1344b4b2-0505-4791-8893-65be760aad1f.jpeg
120360,chirag_jain50,https://static.topmate.io/6nXB1bmET3ZjTawUT8oJbA.png
240575,learndatawithtejas,https://static.topmate.io/tHpr3XtwzDqNLidw2y52FS.jpeg
1402113,neeraja_ganesh,https://topmate-profile-pics.s3.ap-south-1.amazonaws.com/profile_pic_11764808-3c91-47eb-800b-872accaf4c57.jpeg
145057,reshma_santhosh,https://static.topmate.io/cjffayeScEzcBkXt22YdVe.jpeg
202622,roshni_chellani,https://topmate-staging.s3.ap-south-1.amazonaws.com/3FZGjLUW47r4eSxYtM9ZYJ.png
25449,pankaj_namekar,https://topmate-staging.s3.ap-south-1.amazonaws.com/bTwTAuiduzt1XUETWAMb2p.png
388749,keshav_vijay,https://static.topmate.io/o4hycbuFKwYdsj5SvpeniC.jpeg
4334,anchal,https://static.topmate.io/aW76iESmbeFktrmBy15K5q.jpeg
1110381,desi_therapyy,https://static.topmate.io/eGTc1gMrqJVmAbCcZHt1kV.jpeg
1605335,raghulan,https://static.topmate.io/qqS3uu5opMzCdmPmTgVnXW.png
265322,ankit_lohiya,https://static.topmate.io/9HZRKNStzeevVZfBcREK4d.jpg
330482,evolution_nick_consultation,https://static.topmate.io/3svPLrEPVQCk8TQgS9SwJ2.jpg
339042,indoriinjapan,https://static.topmate.io/dsyhp7rm1kx3LhDhnCkWkj.png
146816,rahul_kashyap,https://static.topmate.io/ifyymHQEyfUy34NALior9o.jpeg
226480,dontayoung,https://static.topmate.io/maBdNtX2JbjZ7gcfLaUfFD.jpg
1496043,ravi_thapliyal,https://static.topmate.io/hvHB62HS6pBBLeSaXHo4U6.png
552809,consultdheerajrathod,https://static.topmate.io/roVFzomvtBNWtv27CdwTno.jpg
24935,raj_abhijit_dandekar,https://topmate-profile-pics.s3.ap-south-1.amazonaws.com/Raj-Abhijit Dandekar-1670841435.jpeg
216280,amazortalks,https://static.topmate.io/jfpGXU7vt2AE7WUMDhEdmt.jpeg
107554,vanshichats,https://topmate-staging.s3.ap-south-1.amazonaws.com/tTvcRori6EsnHuQfF3TMM8.png
31113,sandeepanand,https://topmate-staging.s3.amazonaws.com/3jLALgwm49YU27vxn2fDtc.png
1140,himanshuagarwal,https://static.topmate.io/3g1AoQzaBxv31ij7AgUmcB.jpeg
285099,intimatecare,https://static.topmate.io/6GYajsTgy1fJi2PjJY5u2T.jpg
105315,mazher_khan,https://topmate-staging.s3.amazonaws.com/9NQoYHEJu9apWSS5kdpZmK.png
125079,aarshy,https://static.topmate.io/2rHNwbTXgKJJa9YtxAQqEk.png
82299,umang_agrawal_06,https://topmate-profile-pics.s3.ap-south-1.amazonaws.com/profile_pic_d2ca02b9-39f1-4bcd-8b3f-9dfe950b05c1.jpeg
1603656,lavii,https://static.topmate.io/pVk6jqXSPjFBEkfX3JFC1v.jpeg
10607,caghanshyam,https://topmate-staging.s3.ap-south-1.amazonaws.com/sFjG9Th5KTWq3tvEpuzr3u.jpg
338248,nikitha_lathief,https://topmate-staging.s3.amazonaws.com/59eMqmseqZkWeiyPDvTH72.jpeg
1326927,shubhamborkar,https://static.topmate.io/mEfb8uk8ejH6vWcWAN9xo9.png
211195,scbushan05,https://static.topmate.io/t5Cz2MwubXJcNuCWVjq2p6.png
221653,mohammad_sarosh,https://topmate-profile-pics.s3.ap-south-1.amazonaws.com/profile_pic_987f2110-4642-4917-a7d3-bc7069d37704.jpeg
78466,nupurgodboley,https://static.topmate.io/1sgQxnKCVLiu5oDCiwmy71.jpeg
1572338,naina_liftss,https://static.topmate.io/gvuiPCVTjE1KqDpMycmS93.jpeg
66,vishal_bagla,https://static.topmate.io/sAbL1o1EvBBi6EPVtz4k47.jpg
289198,ritwik_arya,https://static.topmate.io/c5yFXQkR3Ao5B1RokxYExq.jpeg
345006,ashleesong,https://static.topmate.io/oAg14L7fXMWhw2eJSxSQ3h.jpeg
16628,mikeyung,https://topmate-profile-pics.s3.ap-south-1.amazonaws.com/Mike-Yung-1666128650.jpeg
213385,sahithi_manohar,https://static.topmate.io/oSfa2PSGME8h3fX7MR74pj.jpeg
228799,gaurav_gandhi_mentor,https://static.topmate.io/ssZyuKtHfoWnAMxdktR6KN.png
20111,pratiksha_more11,
1461159,samarplayz,https://static.topmate.io/gwu3FcxzdzBv4EZzppr6yq.jpg
254602,itshimanshu007,https://static.topmate.io/6CPvUFH6JgJzP2QRWsxnPR.jpg
91227,akhilesh_mishra,https://topmate-profile-pics.s3.ap-south-1.amazonaws.com/profile_pic_386734ef-a4f1-4f5a-bc57-c6e81734be25.jpeg
34903,manish_kumar25,https://topmate-staging.s3.ap-south-1.amazonaws.com/8PodRjBj943ZNsoRXND6BT.jpeg
315518,mayuri_ashtputre,https://static.topmate.io/f1ZzVneBeGcEVv1DKTjvHb.jpg
42611,ankitaj_psy,https://static.topmate.io/uoz29vCUZ5Dn3ktee94QtE.jpg
437094,sreemanti_dey,https://static.topmate.io/oNKwbGaq6P74pABRT31rCZ.jpg
12645,sheenam_gautam,https://topmate-profile-pics.s3.ap-south-1.amazonaws.com/Sheenam-Gautam-1663156463.jpeg
174397,pk_and_maddy,https://static.topmate.io/ngjA4kvNTBuzA2muAGtBpU.jpg
152628,theakashjindal,https://static.topmate.io/poDh1a9Saz8RGWA2mFRT7m.jpeg
1367028,sonal_saini,https://static.topmate.io/bX9cnm9HAwFwE9GVeCDh2G.jpeg
189650,sai_krishna_nangunuri,https://static.topmate.io/dpniipMxZU2BfNdweW4KjE.jpeg
660026,soulinproduct,https://static.topmate.io/rSSosGtr2BNLWaSyvVKhdB.png
192536,allthings_io,https://static.topmate.io/dPT2a22D7F8bvNzontRogU.png
123288,ashishcode,https://static.topmate.io/tFNmbczU3eWai4G8V4ES3u.jpg
562923,lipika_bhushan,https://static.topmate.io/fgCcL8NSwYoc6p7mFGGvdb.jpeg
230942,mark_eltsefon,https://static.topmate.io/aoJd44Vgt7b9ZeXW58yCUh.jpg
264193,bhavesh_vaswani,https://static.topmate.io/bTEdtzEcuvVo5ZpKCK3DrD.jpeg
27989,sapta,https://static.topmate.io/v8fE1qEm28aqexiZg6wXcs.png
393811,spriha_chandrayan,https://topmate-profile-pics.s3.ap-south-1.amazonaws.com/profile_pic_6a0ab775-54c7-4142-a7be-96ba340fb14c.jpeg
127134,shubham_agarwal166,https://static.topmate.io/jLxKTKEcUwhH9RfBR8H3Li.jpeg
1650046,harish_kumar142,https://static.topmate.io/cAHmfq8ZLVP759SrTdkBS4.png
114514,careerwithankita,https://static.topmate.io/xhawk2FdFNpAxcSf3XzaZJ.JPG
609956,vidyasetu,https://static.topmate.io/m4x9setEvv9EAGCBetvgf2.png
14977,acharya_anand_official,https://static.topmate.io/aWRi5JzwfHaEujSaHe2Xj1.png
8782,ashveen_bansal,https://topmate-staging.s3.ap-south-1.amazonaws.com/iU9z5zKvodiMj45LRx17kQ.jpg
1558323,akash_germany,https://static.topmate.io/19sB32dHLLVLtr1UnyfTUa.jpeg
125579,frontendmaster,https://static.topmate.io/5pjcGuHyVonXf1nxctUqgr.png
590593,the_innerwellbeing,https://static.topmate.io/sE1Q1EoaU4rrexh9Cp8ks2.jpeg
96110,riya_tiwari10,https://static.topmate.io/bBqDQWjSJ7KzoLMGkxk4jw.jpeg
301851,sudipta_biswas,https://topmate-profile-pics.s3.ap-south-1.amazonaws.com/Sudipta-Biswas-1724071096.jpeg
1417866,sherley_joseph,https://static.topmate.io/n4fjKWFooztPcMvarSxuUg.jpeg
1164012,ashok_chetri,https://topmate-staging.s3.amazonaws.com/a2EV1XzVecWcgp2WTfD7My.jpeg
271939,akinuk90,https://topmate-staging.s3.amazonaws.com/3KkERiJga3mmSP7tYYJRv6.png
254943,sonia_gupta10,https://topmate-profile-pics.s3.ap-south-1.amazonaws.com/profile_pic_e764f2fd-fa91-4ce1-adea-7430af3efd32.jpeg
981572,its_your_boy_rishi_sharma,https://static.topmate.io/hVgPbBiWkzup95jgFRnEEH.jpg
292718,rupali_abrol,https://static.topmate.io/dkogZos3xg694RCLTDhjho.jpeg
1373585,urmila_singh02,https://static.topmate.io/d2Du7ENBUU7N6EBLPGCV4W.webp
8967,cloudyamit,https://topmate-staging.s3.ap-south-1.amazonaws.com/tKztQLDiuaW2qM7MRX7EnH.png
298370,piya,https://static.topmate.io/vV2ZN4ADRzDxzbupvzxKAo.JPG
961627,subhechcha_ganguly,https://static.topmate.io/8QN3KQRToPquTrqToG1GBQ.webp
280897,harshna_shroff,https://static.topmate.io/3HbkM4ehFQ7FBYBcT4aDL9.png
116501,imhrithikkedia,https://static.topmate.io/f9YWCBYNDbyKWKLZuT3XqX.jpeg
103912,dthompsondev,https://static.topmate.io/m5ZkBNxqdDA1snzQEyEq9g.jpg
149433,coachshreyamehta,https://topmate-staging.s3.amazonaws.com/2WoYXsxwxwvy1mdECRfquB.jpg
1191716,ruhanigarg,https://static.topmate.io/qh59xUHFiRDAF1mkk3MRLM.jpg
133331,yashdua,https://static.topmate.io/rTGYsU345ykMgnHd9GGKJ2.jpeg
1299382,aashin_london_team,https://topmate-staging.s3.amazonaws.com/cYzjgWEU7e22tSQ9LF1k7M.jpeg
164818,techie_codebuddy,https://static.topmate.io/bska7LBScpzZqdxp8QeHyE.jpg
287976,yashsrivastava,https://static.topmate.io/wAaMcYw4Edcg4KmhxpD29k.JPG
45752,blw_india,https://static.topmate.io/pzEhV6ENDvY3kriCgmT2u2.JPEG
349388,sachin_sharma30,https://static.topmate.io/v3HgUcqJWECbCJpXSDv2Mx.png
353127,kasi_v,https://static.topmate.io/rhH5V3ovcVXmdE5Drhz8HA.jpg
279131,glean_ux,https://static.topmate.io/2WNtRfFG4U31awfSmhmUaa.JPG
64409,harshita_murai,https://static.topmate.io/3wwVUA11MJ92yRgFKQhkSX.jpg
179490,imsks,https://topmate-profile-pics.s3.ap-south-1.amazonaws.com/Sachin Kr.-Shukla-1704195588.jpeg
1428750,jasleen_kaur95,https://static.topmate.io/iGrxjfKRTErTKTEMKx9gxR.jpeg
231435,mukundkumar,https://static.topmate.io/hnaCscrLimi4Yej398a7VH.jpg
58208,peter_ndiforchu,https://topmate-staging.s3.ap-south-1.amazonaws.com/jPiDjHgQhCLCBKARLLoN2y.jpeg
134539,fionali,https://static.topmate.io/cREf53gqYFAHLRQBc9RwQV.jpeg
381454,samclouder,https://static.topmate.io/2zGibXUyVX4VEBKuntFJgD.JPG
1611,mudra,https://static.topmate.io/ax2zH2VUs821t6ZBtFQ71E.jpeg
227548,tarotrevati,https://topmate-staging.s3.ap-south-1.amazonaws.com/gvDE82DHUEuFbHnKbNCn81.jpeg
835078,shravan_pandey11,https://static.topmate.io/a5VqCeP4fY8GwoPutWxQ5Q.jpeg
292814,rahul_0001,https://static.topmate.io/97cZEY1MKq6ELcyXaxjyVa.jpg
80799,wings2mydreams,https://static.topmate.io/onMamU62sLcMp1iyKZy5Nz.png
263332,riddhi_doshi_patel,https://topmate-profile-pics.s3.ap-south-1.amazonaws.com/profile_pic_0769f2e8-53b9-42b0-8053-cf86b77012cb.jpeg
30162,darpansaxena,https://static.topmate.io/pyf294f2JPHLgXnxvEej9e.png
1598254,neha_sudan,https://static.topmate.io/bdo9X6sG8bDGVHaXZ4eKJv.jpg
31179,adityat,https://static.topmate.io/5gJhX8po9NkxqwBgreMKU6.jpeg
217330,i03sethi,https://topmate-profile-pics.s3.ap-south-1.amazonaws.com/profile_pic_6fcb3a12-182f-4ab3-b4ae-e76dec0eac7b.jpeg
90589,sachin_jha10,https://static.topmate.io/oNgEsTP15NwccbBLsvP6a2.jpeg
168668,bodyspeaksbetter,https://topmate-staging.s3.ap-south-1.amazonaws.com/oGmibBs6nSYtFFBYQMXTGs.jpg
54221,atul_grover_lng,https://topmate-profile-pics.s3.ap-south-1.amazonaws.com/profile_pic_d1f90025-27ba-45e6-ac81-47060f5d9e5c.jpeg
1061588,rajinikanthvadla,https://static.topmate.io/6rjMHd2fBuLfWAiStfhg5L.png
205941,thefintechpm,https://static.topmate.io/1dT1kttYEykw2FchTKregJ.png
958054,khushboovasudeva,https://static.topmate.io/uzKSMJtTHooQoDjHd2qptZ.JPG
301898,avlokita_s,https://static.topmate.io/dWKh1iNyCbUUi3SHs67vr9.jpg
229826,prem_patel,https://static.topmate.io/ghhhNZ4WCLQyXzSYomReVz.png
51324,anjali_shukla_careers,https://static.topmate.io/sN4hA3iUvAkra2mCEdGLwP.jpg
102630,ashima_gupta10,https://topmate-profile-pics.s3.ap-south-1.amazonaws.com/profile_pic_764ea687-0b6e-4b61-8d44-f9493da2e6e2.jpeg
1085135,premchand_ravella,https://topmate-staging.s3.amazonaws.com/gPyN4YN7ENiv5qykeNT7Zj.jpg
153342,jayababu,https://static.topmate.io/uZ5R7iZqYbLVDVEVVgeqos.jpg
134885,neha_malhotra,https://static.topmate.io/4WAPZMKEWanMicrShnc1Vk.jpeg
47635,pratyush_dhoundiyal,https://static.topmate.io/wCJq6g2hpnjBY9J5zTsekW.JPG
107005,ashok_aggarwal,https://static.topmate.io/sGL6XrQiR5xDTEPGXg6oSN.jpeg
5900,roadsidecoder,https://static.topmate.io/75njGDdqWS65ni3My2uicn.png
182930,brie_g,https://topmate-staging.s3.ap-south-1.amazonaws.com/aXHyZQoDxXgurAbXVYEDcc.jpeg
82460,naimeesha,https://static.topmate.io/vA32fUM4yThEH8G1zyxLf9.jpg
158805,mitch_clements,https://topmate-staging.s3.ap-south-1.amazonaws.com/nj9nTXZXbYxQYtmJY1PqpW.png
25593,learnwidgiggs,https://topmate-staging.s3.amazonaws.com/4Bh1q4Pf6FzcLugaYXUSDe.jpg
1365836,coder_girl_11,https://static.topmate.io/eaMGKCATov134GgszjpR8d.jpg
272859,bi_tricks,https://topmate-profile-pics.s3.ap-south-1.amazonaws.com/profile_pic_95ea837a-f7f6-4e56-9e4c-7e58dca3ea88.jpeg
167904,ebookstore,https://static.topmate.io/rAWdtmJna6C4YhwfCLzfUz.png
67174,invest_in_incredible_india,https://topmate-staging.s3.ap-south-1.amazonaws.com/7iTnkyRgc9wECbdxHLE6dK.jpeg
3273,helloworldbyprince,https://static.topmate.io/8sjGVy5vN77YVPxT3skiq7.png
1174016,yash_singh57,https://static.topmate.io/kWFBTAGvFTLzVVJC2wgAaZ.jpg
215439,paul_mathew,https://topmate-staging.s3.ap-south-1.amazonaws.com/o6EF1hGN3NU2o53eFRH2fo.JPG
155351,naman_nagpal,https://topmate-profile-pics.s3.ap-south-1.amazonaws.com/Naman-Nagpal-1698685724.jpeg
1137923,keitashimizu,https://topmate-profile-pics.s3.ap-south-1.amazonaws.com/profile_pic_a38fb308-5321-4e5b-9906-c0b7c938e165.jpeg
974984,maleeha0777,https://static.topmate.io/kvh3uTuTY6pV7FiJf1wvg1.png
142961,quant_insider,https://topmate-staging.s3.ap-south-1.amazonaws.com/fDhj7HZC8mpq7Trhzn4Shg.png
44702,tarunima_tripathi,https://topmate-profile-pics.s3.ap-south-1.amazonaws.com/Tarunima-Tripathi-1678434767.jpeg
142429,sharmilan_vipokan,https://topmate-staging.s3.ap-south-1.amazonaws.com/pMUYYqeeLWoAwmgYU9ouno.png
283565,sarasultan,https://static.topmate.io/mPyKJvKLn5CvyreqpfjWms.JPG
38670,priyanka_peeramsetty,https://static.topmate.io/dEpmrLxLWRfPamGyWtwwHx.jpg
31837,joshua_talreja,https://static.topmate.io/ahdAMTBpyfA2v8C9dUMDHu.png
1202316,bm_maniya,https://static.topmate.io/2jzRPcE13XNXuAVVRngToZ.jpg
131964,dermatnow,https://topmate-profile-pics.s3.ap-south-1.amazonaws.com/profile_pic_21226a8c-aed8-4fe2-a160-391c23b67ff1.jpeg
653983,rajvi_halgekar,https://static.topmate.io/k9TkDyEB8xmsWCU6yLFiws.webp
1600867,giftson_paul,https://static.topmate.io/3nurjhgMcGQa4W9bsdnT12.jpg
200928,akash_pandey_careercoach,https://static.topmate.io/sfunGnJam67gfxbsuZsvfs.jpg
1315777,preksha33,
54837,ghalia_boustani,https://static.topmate.io/o3zE8BdVdhKU5x6mCaPY8S.jpg
114779,sagar_nikam,https://static.topmate.io/bUxkEbf5iR2JYU3VzcdAFU.JPG
46234,shafiqaiqbal,https://static.topmate.io/5fvbCFeMepD6ovK3TeV8Ea.gif
323647,techwithjaspal,https://static.topmate.io/h1ThqPcvXMXwgGWE5ULQue.jpg
1045518,abhisat_book,https://static.topmate.io/j7H1C3mxVhMkogzHpEqEsB.png
760,scortier,https://static.topmate.io/8RKDN6jMfSkvUrhg4dyz6t.jpg
263362,jaya_singh23,https://static.topmate.io/554cViFZk7nimoHNTp78mu.jpeg
45244,jainneha,https://topmate-profile-pics.s3.ap-south-1.amazonaws.com/profile_pic_01ce9cec-181f-4c42-b91b-7e659db7f748.jpeg
26157,theweb3ca,https://static.topmate.io/dD9tvZSnFED61vfXjLjudG.png
253673,kashish11,https://static.topmate.io/566NCLAGcgtDZXNzm3megx.png
495277,hexagon_digital_services,https://static.topmate.io/jpJ7vqKrQomcCL9CH8Juqf.png
143791,marcosrezende,https://static.topmate.io/1577qkQ143v3cGXcfjKW8J.png
276444,balemarthy_vamsi,https://static.topmate.io/q5zgr5QT7ZUWsgqxJUJnU6.jpg
149582,drgomathi_gomstechtalks,https://topmate-staging.s3.ap-south-1.amazonaws.com/uvr69M6qWSkg8uEEeswyQE.jpg
69840,desicopywriter,https://static.topmate.io/mnXnhVDfJeAnGGnrQVESYF.jpeg
253921,roma_fernandes,https://static.topmate.io/4ZkbVKJW76LNFx3kG5pTYv.jpg
148573,reetik_agarwal10,https://topmate-profile-pics.s3.ap-south-1.amazonaws.com/profile_pic_c3ff1b0d-920a-4f95-a085-a523d4864b20.jpeg
252398,shanawaz_mohammed_rafeeq,https://topmate-profile-pics.s3.ap-south-1.amazonaws.com/profile_pic_ff3c4b99-2163-457f-a93f-0ad5f51c247c.jpeg
58355,ntnaggarwal35,https://topmate-staging.s3.amazonaws.com/53ZNAFnfmcmQRLXuWQ6sdp.jpg
489147,damienjburks,https://topmate-profile-pics.s3.ap-south-1.amazonaws.com/Damien-Burks-1739514454.jpeg
819246,tirth_patel14,https://topmate-staging.s3.amazonaws.com/sXbtFB9azHyMKGkNco4B7M.jpg
835520,leadwithgovindtiwari,https://topmate-profile-pics.s3.ap-south-1.amazonaws.com/Govind-Tiwari%2CPhD-1744193549.jpeg
302494,palashk,https://static.topmate.io/uZWtdULuryvo7MYxdS8Z7h.jpeg
51500,relaunchwithnishant,https://topmate-staging.s3.ap-south-1.amazonaws.com/jQzaBcsEJf2VR18EMpvq4U.jpg
342285,the_homestay_academy,https://topmate-staging.s3.amazonaws.com/gFRBwcLAn17Amc9ZGaC4v7.png
814215,saedmf1,https://topmate-staging.s3.amazonaws.com/g1muBjbWEPFqF8NexJdvWp.jpeg
28526,mahima_jalan,https://static.topmate.io/faKj1NwNQN5XhrP4dFvk7V.jpeg
119529,agrima_awasthi,https://static.topmate.io/mG5QrYjSWpNWJUT7eTbSXk.JPG
210187,coachsonabhatt,https://static.topmate.io/g7mbjF2sLN6meTxob5kPfM.png
173075,ganesh_trainer,https://topmate-profile-pics.s3.ap-south-1.amazonaws.com/profile_pic_0d94da44-1689-481b-a24b-83220ca531a6.jpeg
124535,gradapply,https://static.topmate.io/19xJDETBk7Zh8mk7yPrv7x.jpg
244175,saral_uttamani,https://static.topmate.io/3TU8Wa3XBX14SaJAoDshf1.jpg
1148125,sagarandami,https://static.topmate.io/tPLGhgvfxskpj8wv5WUpYB.jpeg
83238,arunava_d,https://static.topmate.io/uNhj32sqnK31uUG8Lu5C2j.png
20340,myfundsip,https://static.topmate.io/n8krzee5XHdYBVqQhrK9Vp.png
266818,gagan_anand,https://topmate-profile-pics.s3.ap-south-1.amazonaws.com/profile_pic_7fc5824d-d37d-4e7e-9163-f66d8014e2fb.jpeg
1268920,jobreadywithnoor,https://static.topmate.io/q9bKRuMdaPHect9i7bjxDA.jpeg
118913,fyka,https://static.topmate.io/pkhziuofJdfQF4RhiwAgY2.jpg
79823,satabdi_saha,https://static.topmate.io/w982ykf1tAnd9RRMaVnYmc.jpg
1167540,hr4advice,https://topmate-staging.s3.amazonaws.com/5oUPw3UvdA3wBJCZeiiDkG.jpeg
5987,thezeroquotient,https://topmate-staging.s3.amazonaws.com/9BmdK6PHCe9SBbGjxFTKQL.jpeg
1527016,harkaran,https://static.topmate.io/hopqWMjMBMW5NqjCMVvUSg.jpeg
1007690,shreyadaga,https://static.topmate.io/qjWfZf26NZ26HzYAc4sMg4.png
26540,digiarpit,https://topmate-staging.s3.ap-south-1.amazonaws.com/skLvy1RFDaivnZg1WLxFtg.jpg
1175763,shreya_jein,https://static.topmate.io/jgv5kxpsng6AXP8pSiT3QC.jpg
208245,naveen_bhagtani,https://static.topmate.io/2YMPKUiyxDRy1bKRLcjXB5.jpeg
512056,shreyatripathi,https://static.topmate.io/1wCWkqzBixsu9MsAcLHaxw.jpeg
1615825,vineetdev,https://static.topmate.io/4pE9mmxwZQq1r1zerLREhp.jpeg
435434,marshaabalani,https://static.topmate.io/u8orTJGqqcrdtdGPSiaQTz.jpg
348016,vinayak_kadam,https://topmate-staging.s3.amazonaws.com/oDM1zBbyy3tLp6VPdqWgS2.jpg
228319,sreerag_panat,https://static.topmate.io/mWUHFJyvGKCSNQDPiyBS2B.jpg
118077,luna,https://static.topmate.io/4hEHanHW7mYhzweRzW81Qg.jpg
236367,gauravkabra,https://static.topmate.io/oJbjnGEFUtJEEZ9aNB4ysX.jpg
92419,ui_dev_guide,https://static.topmate.io/7J4G7Q779TgzK26zD9hxPv.jpg
69015,kushalparikh11,https://topmate-staging.s3.amazonaws.com/d1Wau9p2YkspyCYcC7S9Z3.jpeg
229857,akash_kumarr,https://static.topmate.io/8hWdXXocea1v5yAooXE1Md.jpg
34127,swarnima,https://static.topmate.io/tcGPjpCPA8KFiAE6aYAKht.png
412833,sandeepspaceireland,https://static.topmate.io/bKTdhq2uRf118kxqPMnAZS.png
315260,jagan_coach,https://static.topmate.io/eWXTPZEVnd1JD99ZDZMiTQ.png
1462119,nitish_jainai,https://static.topmate.io/jrK4bop5cV8iA8Fyqj3zK1.png
366000,rishav_bhola,https://topmate-profile-pics.s3.ap-south-1.amazonaws.com/profile_pic_cfeb1861-5884-4e49-932f-8e0897075571.jpeg
212842,sanjivani_pargal,https://static.topmate.io/c2dyJYuTvpSYWF77EtXmDQ.jpeg
26330,javainterviewbuddy,https://static.topmate.io/oTPfzd4a6Pa32QkPNhCBqg.png
200961,kbsbng,https://topmate-profile-pics.s3.ap-south-1.amazonaws.com/Keshavaprasad-B S-1707819933.jpeg
165035,nandini_singh,https://static.topmate.io/faUtyx5XpbZhxZnJAqF8Pk.png
294308,jeetain_kumar,https://static.topmate.io/pfDokXoVpT4f1SAmdRcHCw.jpg
82980,vaibhavshukla,https://topmate-staging.s3.amazonaws.com/32cYqnp7bzrgNp7cRf5nZk.png
19210,gskumar,https://static.topmate.io/e4z5XaEAVrU2j4VMhVKS52.jpg
1442455,ayanangshu_das,https://topmate-profile-pics.s3.ap-south-1.amazonaws.com/profile_pic_0c8a304b-0318-41fe-ae9a-48af0a1b1651.jpeg
88308,lavakumar_thatisetti,https://static.topmate.io/sC13fp5i7TxTc7equhaqVR.jpeg
7529,sahaj_bana,https://static.topmate.io/83j1Fd6DRfkBkut8FsdpuF.png
1548993,digitalproduc,https://static.topmate.io/rFgg9sKmo7VVpYaxnXZVMH.png
331630,sonam_k13,https://static.topmate.io/pkeWYaBE4QaeSMkVGWXgAi.jpg
215977,pradeep_analyst,https://static.topmate.io/aFDtmCkeUs2KazBw269y4u.png
245884,saurabh_samtani,https://static.topmate.io/huG5duF1pzDpkXjLtAZJHX.jpg
6784,foreignkiduniya,https://static.topmate.io/1AhyL3qXLpNFns4JiCijr8.HEIC
207678,kritika_duggal,https://static.topmate.io/u2aBmZtiMEtiq3KPqGL9d3.jpg
38431,abhisheksarora,https://static.topmate.io/fMsg3uwVeyQpSY9UATTW2t.jpg
42246,aryan_sharan,https://topmate-profile-pics.s3.ap-south-1.amazonaws.com/profile_pic_06b8aad9-b362-4b58-8c89-9cb03204cb23.jpeg
29160,openbookcounsellings,https://static.topmate.io/m9BwpixwHx1EDykLqSNVy2.png
206486,vijaychandola,https://topmate-profile-pics.s3.ap-south-1.amazonaws.com/profile_pic_b434c7f4-739b-40c8-9c9e-55bd81751188.jpeg
41097,asheesh,https://static.topmate.io/7b62TzdaHPjEpPgEzbdRCt.jpg
288389,anjalisharma,https://static.topmate.io/qmCbMC2jXyvNiRJQWCVY14.jpg
84482,dionysy,https://static.topmate.io/rMYRyh6whWLnDMJFbNoYFV.jpeg
213861,karthickjl,https://static.topmate.io/iA6qpcZTugeEW7AwNUAhGe.jpg
1596263,nvs,https://static.topmate.io/6GEx28QPPKJy5SzQkB7ziJ.jpg
821709,abhinaya_kurnala10,https://topmate-profile-pics.s3.ap-south-1.amazonaws.com/Abhinaya-Kurnala-1743915234.jpeg
782677,nandhini_ba,https://static.topmate.io/hAPBo1oLtKnkE5VrzfFSc6.png
1365717,shagun_tripathi,https://static.topmate.io/1jcFe5iQikgMdzbEm6PLEd.jpg
1070523,akhil_joy,https://topmate-profile-pics.s3.ap-south-1.amazonaws.com/profile_pic_d50d5374-65a5-49e8-adeb-6c2f52a83a4b.jpeg
258706,law_the_study_anchor,https://topmate-staging.s3.amazonaws.com/ehjv9WzJtz7qaaUVuxaoGm.png
569230,krishika_jain,https://static.topmate.io/7zN2P7No88fmxRizb2ddRt.png
10594,theaipmcoach,https://static.topmate.io/37jKyceCojhSGnSjwzin5w.jpg
1443675,jose_and_cars,
154108,suraj_juneja,https://topmate-staging.s3.ap-south-1.amazonaws.com/noz16xnAB131A9vse5Rwji.jpeg
297479,chitra_jayavel,https://topmate-profile-pics.s3.ap-south-1.amazonaws.com/profile_pic_f38f0a69-09c2-4a3c-bfa9-abdfd1e89307.jpeg
109335,bahati_asher,https://static.topmate.io/aJhXMBtzRZ4ytz4frizQMR.jpg
284696,techlao,https://static.topmate.io/t38CUWdr3vtskhWyPaG3Fs.jpeg?X-Amz-Algorithm=AWS4-HMAC-SHA256&X-Amz-Credential=AKIAXXBHRVOSVXLSO4PD%2F20250822%2Fap-south-1%2Fs3%2Faws4_request&X-Amz-Date=20250822T054302Z&X-Amz-Expires=300&X-Amz-SignedHeaders=content-type%3Bhost&X-Amz-Signature=e2747ebc6bd6bdde0e58563a8491ebf4510899f7962cb85c15936224f23f333f
379157,shagoon,https://static.topmate.io/ebqXyRaBDxpoDQ5mBpWCz4.png
1343914,siddharth_mehta621,https://static.topmate.io/xp89sJCEF9rdsSC3KUJX4B.png?X-Amz-Algorithm=AWS4-HMAC-SHA256&X-Amz-Credential=AKIAXXBHRVOSVXLSO4PD%2F20250820%2Fap-south-1%2Fs3%2Faws4_request&X-Amz-Date=20250820T084518Z&X-Amz-Expires=300&X-Amz-SignedHeaders=content-type%3Bhost&X-Amz-Signature=2c5de78a13ee4493cbb5bd9a9222605d3b6f9fdce1c7dca73d34f3fa62c778a2
235134,neha_patel,https://static.topmate.io/eunvwSfHv4jrTQMY5cVNoM.jpeg
381708,sandeeppal,https://static.topmate.io/7qW3QfGz7MA8YGpyYZmuMx.png
55,priyank,https://static.topmate.io/gdrPQBwb8oMrcRYftkoj1m.jpeg
301483,sripathi_teja,https://topmate-profile-pics.s3.ap-south-1.amazonaws.com/profile_pic_8e4d1336-aa10-44b6-8639-a17f1c0adcf1.jpeg
391695,tejas_bhale_114,https://topmate-profile-pics.s3.ap-south-1.amazonaws.com/Tejas-Bhale-1736424636.jpeg
349051,arshita_anand,https://topmate-profile-pics.s3.ap-south-1.amazonaws.com/profile_pic_aa72b83f-9aca-4eb2-bd62-d738f525ebc7.jpeg
14972,sahil_chopra,https://static.topmate.io/92JrLyaBurr2hJmuE2Fs7r.jpg
237875,dr_isha_singh,https://static.topmate.io/9oiUznJV13E5RiZuPysH6h.jpeg
44191,abu_bakar_nisar_alvi,https://static.topmate.io/u8C5T1MkEN2dZkHxdsS2Cs.png
144532,chanchal_singh,https://topmate-profile-pics.s3.ap-south-1.amazonaws.com/profile_pic_9524e08e-7eba-41d8-9932-75b43e2696b7.jpeg
67483,goyalpallav,https://topmate-staging.s3.ap-south-1.amazonaws.com/s7NnpGwRBx6dstKg3BdJyU.jpeg
1380781,sahil_pabbewar,https://static.topmate.io/tGLEYzHhU6MS74G8Fdge5y.jpg
33862,ashok_amsamani,https://static.topmate.io/1EcG7VXXPjo8T6ABmVwyX8.png
24408,codingstella,https://static.topmate.io/nSfWLmyVSkSWQEizZSCkQf.png
166292,magical_sehba,https://static.topmate.io/hwrQVUJRVQttDTngkJ3yNK.jpeg
266869,jasnoorkaur,https://static.topmate.io/73SF2TRRuNZYEJ1M1HF4TV.jpeg
64333,vidhis,https://static.topmate.io/au1LjUdhWGrVagVR7s9mKz.jpeg
1072806,praveen_kumar_ratnalu,https://topmate-profile-pics.s3.ap-south-1.amazonaws.com/profile_pic_a36d1ca8-a672-4851-9d32-b2fadf0483b5.jpeg
237099,harshit_kr_kushwaha,https://static.topmate.io/q8cKNdTjrwqvKmvgrQzLSf.jpg
306096,suryakant_chaurasiya,https://topmate-staging.s3.amazonaws.com/uac7vPAq8dUYrY5HJXdNfm.png
10109,yomeshgupta,https://topmate-staging.s3.amazonaws.com/iyzZY8L6LE3uUuteqHNueF.jpeg
343649,therapywithvamika,https://static.topmate.io/jDJXuipUDAERovhQc8QPBk.jpg
12150,alpna_patel,https://static.topmate.io/jbNLERpjt8wt3bz57YMYEG.JPG
425882,faanginsider,https://static.topmate.io/pdHpwwTkTM32XjeK6iWVii.jpeg
5449,shashwath_shenoy,https://static.topmate.io/nJntQrkwpkgMbJbqkjbgPF.jpeg
1165916,emmanuel_ahiafor,https://static.topmate.io/r92pUPDD5QP1HoXY1jkXYu.jpeg
204294,lakshita,https://static.topmate.io/kpoM9t162hfF1NrRw7gdQ1.jpg
168772,anita_sowah,https://static.topmate.io/8RmrGv8BEbkNvBFMYCjiqV.jpeg
1427472,sonam_rastogi11,https://topmate-profile-pics.s3.ap-south-1.amazonaws.com/profile_pic_8f80ad45-2797-4058-b2e4-58f21eb4c33f.jpeg
919173,shashank_chandrahas_prabhu,https://topmate-profile-pics.s3.ap-south-1.amazonaws.com/profile_pic_44e148fb-6d75-4925-affe-de0f465d9776.jpeg
77255,hemant_tulsan,https://static.topmate.io/icfrmEwfq226bUvVJvXrre.jpg
220365,hiteeksha,https://static.topmate.io/8rjnFEWnSByAJcMpb5V7dA.jpeg
472927,projectias,https://static.topmate.io/ttJwUMa3U8dK5ScQP1HQsx.webp
76073,diksha_chourasiya,https://topmate-staging.s3.amazonaws.com/7dWk8K7tstxGRQd5jdUFHv.jpeg
54647,ghalibmirza,https://static.topmate.io/uiL5DGe8yfbtgYGNQ8C9KN.jpg
9245,manoj_kumar_yadava,https://static.topmate.io/djs3EzV9njxwBtNxa47dNs.jpg
211759,bishnu_parida,https://static.topmate.io/mU3kbqk45FoLTNZKdP4V1h.jpg
183020,sumit_bedi,https://topmate-profile-pics.s3.ap-south-1.amazonaws.com/profile_pic_9aa767a9-beb4-437b-82a0-84499fd638b4.jpeg
727122,srijan_yadav10,https://static.topmate.io/1YagpBgsVK1GFaxJWsBR6S.jpeg
193268,luckymurari,https://topmate-profile-pics.s3.ap-south-1.amazonaws.com/profile_pic_88475218-4eb5-4524-a492-021d5212ae7f.jpeg
218567,buildwithrv,https://topmate-profile-pics.s3.ap-south-1.amazonaws.com/profile_pic_a2d2c0b3-2134-40f0-9caa-32856c19285a.jpeg
130630,sunny_mishra,https://topmate-staging.s3.amazonaws.com/89SjVnfxGiba8gDEs4BvVP.jpeg
1161093,thevoltzone,https://topmate-staging.s3.amazonaws.com/jtPG7PYB6XA1TQqFpPMAai.jpg
29886,dr_kumar_anshul,https://topmate-profile-pics.s3.ap-south-1.amazonaws.com/Dr. Kumar Anshul-.-1673250057.jpeg
1369244,updateetech,https://static.topmate.io/vtPd3SYUmwSK1og7TCQd6k.png
871782,deblinaboral,https://static.topmate.io/gsn2wr5dqcBs9nQhzi43Lp.jpg
194204,gunjan_chawla,https://topmate-profile-pics.s3.ap-south-1.amazonaws.com/profile_pic_e25d1fd7-2c7b-46d8-8088-4e0c3ba631fc.jpeg
228981,amit_bhandari_c,https://static.topmate.io/t5xmj34vBe3ecGL2Zhmj5K.jpeg
325908,pezcoder,https://static.topmate.io/mY9CDwCPUQXKRhCFMvMkCj.jpg
263770,ritik_prasad,https://static.topmate.io/ek9qqW63fJ2ypEPoyLjBee.JPG
26225,careerwithhina,https://static.topmate.io/d2Eoi9Zbi4GLsB2VPoRuy5.jpeg
452081,developergoswami,https://static.topmate.io/mgQT22eq4Jrf2Rm9fTst3T.jpg
1120311,fitwithbhavika,https://static.topmate.io/gJTVnX2njktcRbN2AbT8hs.jpg
1639098,aakash_singh_srcc,https://topmate-profile-pics.s3.ap-south-1.amazonaws.com/Aakash-Singh-1762871852.jpeg
406118,harshitdixit,https://static.topmate.io/5LS2BDNHceMk5GEujVL18J.jpg
1391779,suchetha_shekhar,https://static.topmate.io/uv9fGdUzGUF6LTqBjZqgdE.png
314160,kiran_godara,https://topmate-profile-pics.s3.ap-south-1.amazonaws.com/profile_pic_12dd5c79-c690-41be-a638-bfa775f0ebc7.jpeg
370029,arti_priya,https://static.topmate.io/d3YiZbkMr9yVQtReh34DAU.JPG
135282,abhishek_singh33,https://topmate-staging.s3.ap-south-1.amazonaws.com/5RL89Z3csBWM8VRwxv1XYd.jpeg
58550,abhaykhetlani,https://topmate-profile-pics.s3.ap-south-1.amazonaws.com/profile_pic_2a1456df-08a1-4ed5-bc57-4d195f1188ca.jpeg
1119558,khaiserkhanam,https://topmate-profile-pics.s3.ap-south-1.amazonaws.com/profile_pic_094b3e17-5c05-4c4a-8b28-46d987aae0be.jpeg
67365,aniketrai,https://topmate-profile-pics.s3.ap-south-1.amazonaws.com/profile_pic_1c5a4192-0927-4dfb-b5aa-40592ccd942e.jpeg
1465368,adelaide_aatagaallu,https://static.topmate.io/e7SFEwCTKH5EeGDcH3XGjq.jpeg
1221434,anubha_arora,https://topmate-staging.s3.amazonaws.com/j4s38UThMz6ZFpvpZYUz2e.png
15572,sandeep_nair,https://topmate-staging.s3.ap-south-1.amazonaws.com/rzUkcATpY1eYKKhhZ7NqmL.PNG
13032,shambhavi_gupta,https://topmate-staging.s3.amazonaws.com/bkechfLHqGqRASRcEMTQqv.jpg
1386701,ashwini_harle,https://topmate-profile-pics.s3.ap-south-1.amazonaws.com/profile_pic_32cd040c-ecf3-49f3-8c8c-048c498154ee.jpeg
188678,priyankasg,https://topmate-profile-pics.s3.ap-south-1.amazonaws.com/profile_pic_4f91889f-5074-499b-96a1-adb3791d6337.jpeg
1645090,southside_kannadiga,https://static.topmate.io/pKsJBmUsAmFz271MUMjSjD.jpg
269967,sumoni,https://topmate-profile-pics.s3.ap-south-1.amazonaws.com/profile_pic_105b9743-eecb-4e96-9d07-74fd58128a72.jpeg
88114,mbawidabhishek,https://topmate-staging.s3.ap-south-1.amazonaws.com/nekVzYLNPk5qmvrZ92mub2.jpeg
1087173,okayburade,https://topmate-staging.s3.amazonaws.com/6kBFYMAVY6w2NxswfKHwY6.jpg
288454,harsh_singhal10,https://static.topmate.io/fkReY4vRiARWTWC7GpZzwM.png
203778,anirban_saha,https://topmate-profile-pics.s3.ap-south-1.amazonaws.com/profile_pic_8898e669-11de-4bf1-af2f-ac0b216e7a41.jpeg
305178,sidharthgehlot,https://static.topmate.io/oamFZAfjyHjeFnEnK9V4kr.jpg
38154,vijaykumar_h,https://topmate-profile-pics.s3.ap-south-1.amazonaws.com/profile_pic_72af768a-7817-4c73-a50b-4e3a6425ef4d.jpeg
3863,alphaayush,https://static.topmate.io/73hBybh3tKiQr8Db1TzrUq.jpg
195395,paragshah,https://topmate-profile-pics.s3.ap-south-1.amazonaws.com/profile_pic_ad16b2dd-f232-49ca-a237-79feaf01f88f.jpeg
32444,pankaj182,https://static.topmate.io/2J7eyN5rqf1XoBnxoAkAgB.png
339159,vansh_kumar_sharma,https://topmate-staging.s3.amazonaws.com/8GwQhbCiap1zmKfvJXuB7H.jpg
195891,arif_alam,https://static.topmate.io/mBozrLYnrjuQKwA5MgEQUv.jpeg
172171,tezan_sahu,https://static.topmate.io/2Lhb8wqBXBFwWVPm7ur9VQ.jpg
371699,dr_sonal_dwivedi,https://topmate-profile-pics.s3.ap-south-1.amazonaws.com/profile_pic_aadb2639-aae4-46b9-b422-fd7ffbfdf8d5.jpeg
1126505,thatcooltherapist,https://static.topmate.io/spQf8F2twdvRevKF6NbMzz.jpg
363033,glowandgain,https://static.topmate.io/6S7ZbEwcKscc4chyBbPTCJ.jpg
347578,puja_mondal,https://static.topmate.io/ekV8FaQn4U9K5HvgLguEuK.jpg
1388328,gauravbuilds,https://static.topmate.io/73aRnM2fGJa1ocaQmWFEJB.jfif
32713,theashishnarang,https://static.topmate.io/vwMSDeiPEo7NySWKVa4R5y.jpeg
213403,ankit_khatri,https://static.topmate.io/1JGtE6FguaqdePXMesW5is.jpeg
3820,sachin_sharma,https://topmate-staging.s3.ap-south-1.amazonaws.com/ru1XthVWfXRXEZp6QmkAf4.JPG
192411,codewithamrit,https://static.topmate.io/9tMzv4qdiobrroxpX4LgCC.jpg
292007,mitanshi,https://topmate-staging.s3.amazonaws.com/eU8R7k4PPkVJEjZ9df1xcV.png
141923,christel_dsouza,https://topmate-profile-pics.s3.ap-south-1.amazonaws.com/profile_pic_37660a15-b856-43d0-b55a-48435409aace.jpeg
38951,mohit_panjikar,https://static.topmate.io/oZyHQ8t7ZhsSvJLezTRbxu.jpeg
43288,harshil_vijayvargiya,https://topmate-staging.s3.ap-south-1.amazonaws.com/tFCR9nkzwWBuvZoXTDTxod.jpg
885305,manish_sharma4574,https://topmate-profile-pics.s3.ap-south-1.amazonaws.com/Manish-Sharma-1745217404.jpeg
1248653,risk_nex,https://static.topmate.io/bocmuGymMnYe44odkgEvgR.jpg
308431,biomed_dentist,https://topmate-staging.s3.amazonaws.com/qgm8cTq6MZdqkFofSjPBnp.jpeg
360315,aagman_mehto,https://topmate-profile-pics.s3.ap-south-1.amazonaws.com/profile_pic_268714e9-3a14-42a1-ba5e-0f1d89ca0c78.jpeg
774158,kiara_tma,
391479,shrutikapoor08,https://static.topmate.io/jepNbVMPDk8Y8hyDf32JEJ.jpg
302857,dasandcode,https://static.topmate.io/uweZ6wY7YLARqLEwQJGnqQ.png?X-Amz-Algorithm=AWS4-HMAC-SHA256&X-Amz-Credential=AKIAXXBHRVOSVXLSO4PD%2F20250823%2Fap-south-1%2Fs3%2Faws4_request&X-Amz-Date=20250823T084909Z&X-Amz-Expires=300&X-Amz-SignedHeaders=content-type%3Bhost&X-Amz-Signature=5906aab3da83bbf90d971e37a61d01c74a5ba5cfc8a8942d4c614d8469e2c783
29405,aman_pal,https://topmate-profile-pics.s3.ap-south-1.amazonaws.com/Aman-Pal-1673033057.jpeg
329333,primecoding19,https://topmate-staging.s3.amazonaws.com/fbjcSdLBa76T3rYXhCEbcu.png
1410897,rahulaffliate,https://static.topmate.io/8Lm371N6w2e9cnVr1YNoqi.webp
17731,swadhin_ranjan_nayak,https://topmate-staging.s3.ap-south-1.amazonaws.com/vgkdwxcKUqeeMSq2h4bN3u.jpg
255165,osaidhashmi,https://topmate-staging.s3.amazonaws.com/iu1s8HSfUBKxzL7ar3Az6a.jpg
37261,gauravjaiswal,https://static.topmate.io/r74XTLwv3VhvAhzxnh4jzJ.jpeg
202831,adityaranade97,https://static.topmate.io/e8zE51axr36JoBm7Eb5ekh.jpg
220997,sachinkushwaha,https://static.topmate.io/eZZxVK5dgzxDJZYVR5iGY8.png
1323445,ipmcareers,
263695,pulin_aggarwal,https://static.topmate.io/nrLayuFSKAYg7zrcDQdnXX.jpeg
1637937,krishanu_android,https://static.topmate.io/ksSEuMbPW34iybC3KorPag.jpg
938859,sanabhateja,https://static.topmate.io/1v6d17vCu3NHdqrkFVd5SQ.jpeg
1234371,rupali_bhojwani,https://topmate-staging.s3.amazonaws.com/n8j71FQZMPuG4eDapmcfJr.jpeg
227659,subhaghealth,https://topmate-staging.s3.ap-south-1.amazonaws.com/8nrNan5PHfn1bZ5GWxacJC.png
217361,kajaltekwani,https://static.topmate.io/5Pno6LKuDJLP7qK2tU1R1C.jpeg
302917,theinvincibleacademy,https://static.topmate.io/jq1pGzwvzoUHrAkK5THFV3.png
350923,paranthakur,https://static.topmate.io/kwBpWmUYv1kQTnVAiFqjHw.JPG
409976,rochisshil_varma,https://static.topmate.io/rZdpJQKBVMxrB35Bs3Muja.jpg
1249418,finstreet_education,https://static.topmate.io/dbbG1Qhp2uhgB8mNMysw45.png
47722,dibhanshu_saurav,https://topmate-staging.s3.amazonaws.com/mHMtPTXZZ288zfmQKZ1TXM.jpeg