Creators,Cohort,Whatsapp Group link,Google Form Link,Sites,photo 1,photo 2
,,,,,,
Gurpreet Kaur Jaggi,https://topmate.io/gurpreet_kaur_jaggi/1835201,https://chat.whatsapp.com/EZJvWrzOBKpIlKcu4Ca0pR?mode=hqrt3,,https://topmate.io/gurpreet_kaur_jaggi/page/SR8MdBIuYU,"https://topmate.io/cdn-cgi/image/width=256,quality=90/https://static.topmate.io/ebiJwYzFn5KeGFtsMd4SqJ.jpg",
Durgesh + Pragya,https://topmate.io/durgesh_yadav/1833913,https://chat.whatsapp.com/KndW5W4m7GYIzRoC8kAa8I,https://docs.google.com/forms/d/1WS2dNxEGfTSWQkl39OGXcdMkmetr0U9VqnOlucHZSAg/edit,https://topmate.io/durgesh_yadav/page/yPusP9Owyy,https://static.topmate.io/uD2wR7U2e4rxrVd1cRs3en.webp,"https://topmate.io/cdn-cgi/image/width=640,quality=90/https://static.topmate.io/sonNisvutwh5u6KdyotLzp.jpg"
Hemant ,https://topmate.io/hemant/1837174,https://chat.whatsapp.com/JhSviLG8zQE3Km4QIajpQQ,https://docs.google.com/forms/d/1f-5haMd8r0bICB1p3-ZO1VJd7Yps7PcfZH5KEUJZf4c/edit,https://topmate.io/hemant/page/3FC9RuLLgZ,"https://topmate.io/cdn-cgi/image/width=256,quality=90/https://static.topmate.io/gx1jEYUsSgggQpJAhYLSw8.jpeg",
Charul Motwani,https://topmate.io/charulmotwani/1841015 ,https://chat.whatsapp.com/KKL5ZwNEgeK8UvV1Pv7j0Q,https://docs.google.com/forms/d/1bCCt7yUtHlMM5rOPs9JeZSHaxnXA6HjbZkb7AVelfGc/edit,https://topmate.io/charulmotwani/page/XJt2ZUV8s2,"https://topmate.io/cdn-cgi/image/width=256,quality=90/https://static.topmate.io/hiMDy294e4z2FC1VGeYq8U.jpeg",
Manas Bichhoo,https://topmate.io/manasbichoo/1841000,https://chat.whatsapp.com/Ga1taLB4t5P2p2B1YlxPzK,https://docs.google.com/forms/d/1iCbx-9qFenad09hNm4W5DZXXIhe_ZgEgKnvaFj-vu24/edit,https://topmate.io/manasbichoo/page/bhESm95tSX,"https://topmate.io/cdn-cgi/image/width=256,quality=90/https://topmate-profile-pics.s3.ap-south-1.amazonaws.com/profile_pic_f2e8e5a5-75d6-49dc-a80e-434a0a9f70cc.jpeg",
Vijay Chandola,https://topmate.io/vijaychandola/1841850,https://chat.whatsapp.com/HyNocZlbKtGA21cI7Nvw0H,https://docs.google.com/forms/d/1NOvX87Ga6umQh9Asb4DDeeF8phmrafJgs7ik2jQY6Iw/edit,https://topmate.io/vijaychandola/page/EoZqInqRJw,"https://topmate.io/cdn-cgi/image/width=256,quality=90/https://topmate-profile-pics.s3.ap-south-1.amazonaws.com/profile_pic_b434c7f4-739b-40c8-9c9e-55bd81751188.jpeg",
Karan Sethi,https://topmate.io/karan_sethi/1837145?utm_source=sales_sales_karan&utm_medium=calling&utm_content=ai_search_23285,https://chat.whatsapp.com/IUFrdDFMGHX8NOmoGAIsf3,https://docs.google.com/forms/d/1M7vLgHZG7AEhEW4hOUNE1KtnssBLTzZILaxueo_wkZM/edit,https://topmate.io/karan_sethi/page/EeZYInq9JP,"https://topmate.io/cdn-cgi/image/width=256,quality=90/https://topmate-staging.s3.ap-south-1.amazonaws.com/fJm3rAfEnvrLrq977sGdjM.jpg",
Malthi & Aniket,https://topmate.io/malthi_ss/1840846,https://chat.whatsapp.com/ChE1CbH5ItzFQWVKwG9uS0,https://docs.google.com/forms/d/1npX-dIGKl6S1DJNMTGYf9Yqv-R52t8wTkDGnhlZy5Mw/edit,https://www.topmate.io/malthi_ss/page/x8oK7oS2IK,"https://topmate.io/cdn-cgi/image/width=256,quality=90/https://topmate-profile-pics.s3.ap-south-1.amazonaws.com/Malthi-SS-1669274484.jpeg",
Ron Johnson,https://topmate.io/ron_johnson/1841086,https://chat.whatsapp.com/HtVx2ZyZ29gIaP0kEMLMA0,https://docs.google.com/forms/d/1TM6laNMfORmXK3umAKIH1kUcEaIkwpEcue5_9KVk7zI/edit,https://topmate.io/ron_johnson/page/nPy82CBa3H,"https://topmate.io/cdn-cgi/image/width=256,quality=90/https://topmate-profile-pics.s3.ap-south-1.amazonaws.com/profile_pic_16359a3d-72cc-4fb1-8944-482b970554b4.jpeg",
Saurabh Chaudhary,https://topmate.io/saurav_chaudhary_1/1755939,https://chat.whatsapp.com/IcEMqnGQRdC5e3onFo9Ulq,https://docs.google.com/forms/d/1V93f1Skqm8pgx9WT9tuEhVns7wd7u-Il094GwdhFC2k/edit,https://topmate.io/saurav_chaudhary_1/page/3FCHR9LJgx,"https://topmate.io/cdn-cgi/image/width=640,quality=90/https://static.topmate.io/6jAQdbdV69pqbsr8DT4HQU.jpg",
Sachin Sharma ,https://topmate.io/sachin_sharma/1841037,https://chat.whatsapp.com/DLxQiVg2s0N5JcXncto55g,https://docs.google.com/forms/d/1AtoSkPF-Y6miE3XBvjPQ43DArHLc9UTVTu31welL2Fs/edit,https://topmate.io/sachin_sharma/page/xHoa7hSoIb,"https://topmate.io/cdn-cgi/image/width=256,quality=90/https://topmate-staging.s3.ap-south-1.amazonaws.com/ru1XthVWfXRXEZp6QmkAf4.JPG",
Naman Mehta,https://topmate.io/namanmehta2211/1788737,https://chat.whatsapp.com/BB6ui6WcVa8EPIvGq3HBlh?mode=hqrc,https://docs.google.com/forms/d/e/1FAIpQLSfLzGEY5ZGJxrb7CsUuzFIku6iGcFnJib1TlZY-KpN_3kuigg/viewform,https://topmate.io/namanmehta2211/page/K2BA9htAgN,"https://topmate.io/cdn-cgi/image/width=640,quality=90/https://static.topmate.io/6ihZPq2daEU9mibMtSfdZn.jpg",
Payal in Europe,https://topmate.io/payalineurope/1849380,https://chat.whatsapp.com/IW0EgtpOofACGPhxoTMyTK,https://docs.google.com/forms/d/1QBAS2hwvT7hsFZkjFgyCdJ8EkZ5X1LRxyKrKPuVqXoM/edit,https://topmate.io/payalineurope/page/uM1ZoPEHga,"https://topmate.io/cdn-cgi/image/width=256,quality=90/https://static.topmate.io/sPjT6eEgK7e279PKVUTyMJ.jpeg",