Category,Rank,Username,Topmate URL,,Category Metric,User ID,Profile Pic URL,Full Name,Short Bio
Booking Count,1,primecoding19,https://topmate.io/primecoding19,"'primecoding19',",98039,329333,https://topmate-staging.s3.amazonaws.com/fbjcSdLBa76T3rYXhCEbcu.png,Aditya Mishra,"Hi, I’m Aditya Mishra, a Global Hackathon Winner, Founder of Prime Coding (98% MNC placement rate), and YouTuber with 55k+ subs. I mentor students to excel in coding, placements, and hackathons. Let’s turn your challenges into success! 🚀"
Booking Count,2,careerwithankita,https://topmate.io/careerwithankita,"'careerwithankita',",59488,114514,https://static.topmate.io/xhawk2FdFNpAxcSf3XzaZJ.JPG,Ankita Jaiswal,"9+ Years of Industry Experience | Top Mentor | Flipkart, Tata Steel, MPL, Capgemini | 255k+ Instagram"
Booking Count,3,dataengineering,https://topmate.io/dataengineering,"'dataengineering',",54810,92292,https://static.topmate.io/qsbZkmuK39pi1XoKD2VF36.JPG,Gowtham SB,Data Engineer | PayPal | YouTuber 290K | Talks Facts Only
Booking Count,4,sanabhateja,https://topmate.io/sanabhateja,"'sanabhateja',",42654,938859,https://static.topmate.io/1v6d17vCu3NHdqrkFVd5SQ.jpeg,Sana Bhateja,CUET Guidance | Career Guidance | Du Student | Co founder The Inquisitive Mind | Biology Teacher
Booking Count,5,thisis_alaska,https://topmate.io/thisis_alaska,"'thisis_alaska',",34297,316534,https://static.topmate.io/fJpa4r45eN2EHHsNZxoZmG.jpg,Nandini Sharma,Delhi University Gold Medalist | Founder & CEO at The Invincible Academy | Founder at Aparajita Foundation | Career Coach & CUET Mentor | Content Creator YT & IG  : 500k+
Booking Count,6,krishankumar,https://topmate.io/krishankumar,"'krishankumar',",33424,352593,https://topmate-profile-pics.s3.ap-south-1.amazonaws.com/profile_pic_d47f74db-b2a3-45ec-801f-5604a5221b5b.jpeg,Krishan Kumar,130K+ Linkedin | Software Engineer
Booking Count,7,ayushi_mishra,https://topmate.io/ayushi_mishra,"'ayushi_mishra',",30942,33373,https://static.topmate.io/rgkfvvHkqFZFufW3SpzbeZ.png,Ayushi Mishra,4+ Years Experienced Data Scientist | Provide Guidance for Data Science | Data Analysis | Mentor | YouTuber
Booking Count,8,mazher_khan,https://topmate.io/mazher_khan,"'mazher_khan',",27054,105315,https://topmate-staging.s3.amazonaws.com/9NQoYHEJu9apWSS5kdpZmK.png,MAZHER KHAN,"Senior Data Analyst - 6 Years | Instagram - 160K+ |  IIT (DR-2) | Retail, E-commerce & Healthcare | Built a 200K+ Data Community (160K+ - Instagram) | SQL, Tableau, Python | Helped 55K+ Data Enthusiasts with Free Resources"
Booking Count,9,ajay_shenoy,https://topmate.io/ajay_shenoy,"'ajay_shenoy',",19143,61820,https://static.topmate.io/7Jn6xiUrQsncihaSqFGp6J.png,Ajay Shenoy,14+ yrs in AI/ML: Industry + IISc PhD | Harman | Target | NITK
Booking Count,10,garima_jain19,https://topmate.io/garima_jain19,"'garima_jain19',",18981,1014353,https://topmate-staging.s3.amazonaws.com/u8wyCD1yX5pjTjgwW82i5m.jpg,Garima Jain,"Co-Founder @ DU Club | B.Com, Kirori Mal College (DU) | HR Consultant @ Cielo | DU & CUET Mentor | 9 to 5 HR + Full-time Creator | 120K+ Community on IG | 97% in 12th (District Topper) | Ex-Event Head @ NSS"
Booking Count,11,greatstack,https://topmate.io/greatstack,"'greatstack',",18583,179456,https://topmate-staging.s3.ap-south-1.amazonaws.com/beCDTUkJdRgHCR2iz15nEZ.png,Avinash Kumar,"I like to teach aspiring web developers at ""GreatStack"" how to code and get their dream job."
Booking Count,12,aman_vijay,https://topmate.io/aman_vijay,"'aman_vijay',",17907,11663,https://static.topmate.io/psEmjQPgrjjmBfWrXes4c1.png,Aman Vijay,VP Growth @Topmate.io
Booking Count,13,priyasha_crackxat,https://topmate.io/priyasha_crackxat,"'priyasha_crackxat',",15806,383551,https://topmate-staging.s3.amazonaws.com/nJpNcyqU1EWG7NhQ2mm4LX.jpeg,Priyasha Das,Founder- CRACK XAT| GDPI Specialist | Interview Guidance| Dean's Merit | List Your Go-To-Girl for queries related to Careers | MBA | Jobs | Internships | Preparation Strategy
Booking Count,14,ramit_kundu,https://topmate.io/ramit_kundu,"'ramit_kundu',",13821,158579,https://topmate-profile-pics.s3.ap-south-1.amazonaws.com/profile_pic_3fb0dc2d-04d5-4fce-90d1-a1cdbe74dcdb.jpeg,Ramit Kundu,software engineer at Swiggy
Booking Count,15,letscode,https://topmate.io/letscode,"'letscode',",13637,257839,https://static.topmate.io/sq4XSSvtkriudcUdMPvnVS.jpeg,Lets Code,Empowering Tech Minds
Booking Count,16,genzcareer,https://topmate.io/genzcareer,"'genzcareer',",12699,231684,https://static.topmate.io/29wpLPr9DLcPJ7j39rJUBd.jpg,GenZ Career,"I'm a Senior Software Developer with extensive experience in one of the leading multinational corporations. Over the years, I've had the unique opportunity to conduct over 100 interviews, giving me a deep understanding of what it takes to s"
Booking Count,17,aman_agarwal247776,https://topmate.io/aman_agarwal247776,"'aman_agarwal247776',",11033,286825,https://static.topmate.io/4vm5g19yAJETvgVJ6ZXSWb.jpeg,Aman Agarwal,"Hi This is Aman Agarwal  Founder of ""THEBTECHFACTORY "" || TEACHER ||  Mentored 20k+ students so far and many students got placed in Big Tech Companies like TCS from our Channel ""TheBtechFactory"" ."
Booking Count,18,ajay_kadiyala,https://topmate.io/ajay_kadiyala,"'ajay_kadiyala',",10972,17047,https://static.topmate.io/95EcRJVWcN21fV2Vb22Wzf.jfif,kadiyala ajay,Hey There! This is Ajay Kadiyala. I help people to crack top Product based Companies.
Booking Count,19,shubhammaloo,https://topmate.io/shubhammaloo,"'shubhammaloo',",10782,22414,https://topmate-staging.s3.amazonaws.com/b2xnpAGrAfgV3uWYQdpLKA.png,CA Shubham Maloo,"Finance Influencer, 8+ Years in helping you with Business Setup and Saving your taxes.GST / ROC / Income Tax / GIFT CITY / Personal Branding"
Booking Count,20,jhoom_baba,https://topmate.io/jhoom_baba,"'jhoom_baba',",9903,845323,https://static.topmate.io/vfgEkpEzDhinak4BfVkZhB.png,Jhoom Baba,"Placed @ Deloitte (BIG 4) | Ministry of Home Affairs | 215K + Followers Instagram & Youtube | Delhi University @9 CGPA

Your soon to be FAV SENIOR !!"
Booking Count,21,sharmilan_vipokan,https://topmate.io/sharmilan_vipokan,"'sharmilan_vipokan',",9897,142429,https://topmate-staging.s3.ap-south-1.amazonaws.com/pMUYYqeeLWoAwmgYU9ouno.png,Sharmilan Vipokan,"I'm dedicated to helping you land your dream IT job! With experience mentoring 1000+ candidates, I guide you through the job search process, from resume building to interview prep, ensuring your fully equipped to achieve your career goals."
Booking Count,22,kamalnanda,https://topmate.io/kamalnanda,"'kamalnanda',",9521,332842,https://topmate-profile-pics.s3.ap-south-1.amazonaws.com/profile_pic_13936e2b-e464-464b-8b55-e51c3bd9cc20.jpeg,Kamal Nanda,"Digital Marketing Manager in Canada & Freelancer
Empowering international students and newcomers to kickstart their careers in Canada."
Booking Count,23,rajat_jain01,https://topmate.io/rajat_jain01,"'rajat_jain01',",8696,346448,https://topmate-profile-pics.s3.ap-south-1.amazonaws.com/Rajat-Jain-1731575187.jpeg,Rajat Jain,Senior Data Analyst | Microsoft Certified Data Analyst | DAX | Power BI |  | Dashboard Developer | SQL | Power BI Trainer | Mentor | Data Visualization
Booking Count,24,karun,https://topmate.io/karun,"'karun',",8522,66736,https://static.topmate.io/u4K6MfUXfsxZ9438iKDHV4.jpg,Karun Thankachan,Top Data Mentor (2025) - Here to help you land you next Data Science role
Booking Count,25,shreya_mahendru,https://topmate.io/shreya_mahendru,"'shreya_mahendru',",8366,152345,https://topmate-profile-pics.s3.ap-south-1.amazonaws.com/profile_pic_2db39a8c-1e5b-441c-8258-13baa79fddfd.jpeg,Shreya Mahendru,"Product for Purpose ✨ | Product @Steer Health | IIM, ESCP drop-out"
Minutes,1,ayush_chaudhary,https://topmate.io/ayush_chaudhary,"'ayush_chaudhary',","81,585",228306,https://static.topmate.io/6TMGx19bms4XdGJvbfo1ur.jpg,Ayush Chaudhary,Psychologist | M.Sc in Clinical Psychology.
Minutes,2,bharat_varshney,https://topmate.io/bharat_varshney,"'bharat_varshney',","66,345",79957,https://static.topmate.io/2hbAXKJzP6GsDDrYXpGpLw.png,Bharat Varshney,"Technical QA Lead | 32K+ Followers | Top 0.1 Mentor | Team Leader & QA Trainer | Agile, DevOps & CI/CD Expert | Driving AI-Powered Test Innovation & Quality | BrowserStack Champion | Selectorshub Ambassdor | Community Contributor"
Minutes,3,ankit_lohiya,https://topmate.io/ankit_lohiya,"'ankit_lohiya',","39,120",265322,https://static.topmate.io/9HZRKNStzeevVZfBcREK4d.jpg,CA Ankit Lohiya,"CA | Mentoring CA Students, UPSC Aspirants and General Career Counselling 1:1 | 14k+ LinkedIn followers | Tax Columnist | M.Com"
Minutes,4,anurodh_kumar10,https://topmate.io/anurodh_kumar10,"'anurodh_kumar10',","34,965",216668,https://topmate-profile-pics.s3.ap-south-1.amazonaws.com/profile_pic_f31fd64d-7b7a-41b5-816c-9de582e9cb9f.jpeg,Anurodh Kumar,PowerBI Developer | Analyzing and Visualizing Data with Microsoft Power BI
Minutes,5,praveen_thopalle,https://topmate.io/praveen_thopalle,"'praveen_thopalle',","33,885",350566,https://topmate-profile-pics.s3.ap-south-1.amazonaws.com/profile_pic_19ef6326-b3cb-44e3-9dba-90f64394a75e.jpeg,praveen kumar,Senior Software Engineer at DELL EMC | Rator Fellow
Minutes,6,jagan_coach,https://topmate.io/jagan_coach,"'jagan_coach',","30,390",315260,https://static.topmate.io/eWXTPZEVnd1JD99ZDZMiTQ.png,Jagan S,"Ex-CTO / ICF ACC / Executive, Leadership & Career Coach / Mentor"
Minutes,7,mohan_b,https://topmate.io/mohan_b,"'mohan_b',","27,720",432208,https://topmate-profile-pics.s3.ap-south-1.amazonaws.com/profile_pic_844781b6-4a7d-4937-8aaf-b030daca22db.jpeg,Mohan B,"Senior Data Analyst @ Mahindra & Mahindra | Power BI | SQL | Python | 3X Microsoft Certified (DP-900, PL-300, PL-900) | Helping Aspiring Analysts Land Top Jobs | Expert in Interview Prep, Resume Reviews & Career Transitions |"
Minutes,8,dr_simmi_roy_mishra,https://topmate.io/dr_simmi_roy_mishra,"'dr_simmi_roy_mishra',","26,040",86283,https://topmate-profile-pics.s3.ap-south-1.amazonaws.com/Dr Simmi Roy-Mishra-1687264014.jpeg,Dr Simmi Roy Mishra,Doctor| PCC-ICF| Mindset Coach|
Minutes,9,kavach_khanna01,https://topmate.io/kavach_khanna01,"'kavach_khanna01',","25,905",44990,https://static.topmate.io/eDjrekgQPAyEoXS6UgGVSs.JPG,Kavach Khanna,Mentor You Always Needed
Minutes,10,harry_singh12,https://topmate.io/harry_singh12,"'harry_singh12',","25,480",231234,https://static.topmate.io/uoEhpSSs52TqJb262PToCT.jpeg,Harry Singh,Professional Visa Consultation
Minutes,11,iamparagjain,https://topmate.io/iamparagjain,"'iamparagjain',","24,585",95258,https://topmate-staging.s3.amazonaws.com/5nQ6zorMYyF4orMaUjh2jo.png,Parag Jain,"PM Interview Coach | 1100+ FAANG & Bigtech Mentees | 10+ YOE Product & Growth | Coach - Upgrad & Mesa School of Business | Creator - Product Interview Playbook - Crack PM Interview in 1 Week | Ex - Good Glamm Group, Bewakoof, Amoni."
Minutes,12,witblox,https://topmate.io/witblox,"'witblox',","24,555",39836,https://static.topmate.io/17y75xGE3sfb8Lu1xT2nZK.png,Witblox Team,"Can solve any doubts regarding Arduino, AI Electronics and many other DIY projects"
Minutes,13,mitravranda,https://topmate.io/mitravranda,"'mitravranda',","23,850",143658,https://static.topmate.io/ffFnaqcxA8a52ZenSiwomg.jpg,Mitravranda Ranga,"Counselling Psychologist/Psychotherapist, Former Research Intern at Defence Institute of Psychological Research (DIPR, DRDO) | NLP Practitioner"
Minutes,14,gabhru_in_uk,https://topmate.io/gabhru_in_uk,"'gabhru_in_uk',","23,820",175760,https://static.topmate.io/qqCPk9dk91jTd55tkMj2hf.jpg,Harjeet Singh,gabhru in uk
Minutes,15,suresh_kumar93,https://topmate.io/suresh_kumar93,"'suresh_kumar93',","23,700",1016109,https://topmate-staging.s3.amazonaws.com/aFxWCksbxX6tS9faN51Aqt.JPG,Suresh kumar,"Hellow Everyone My name is Suresh. 

I have 6 years of experience in the capital markets, and over the years, I’ve been able to successfully generate consistent profits using a set of well-tested strategies .

Let’s grow together!"
Minutes,16,anand_narayandas,https://topmate.io/anand_narayandas,"'anand_narayandas',","23,030",7907,https://static.topmate.io/rvgFHfCu6Gj22Ceq6H8bpS.jpeg,Anand Narayandas,"Product Management, Career & Leadership Coach | Ex-Amazon, BCG, IIM-A (Rank 5), BITS-Pilani | 1000+ sessions, 240+ Reviews, Rated 5/5, Among Top 100 mentors globally | Ex-Product Director | ICF-ACC Trained"
Minutes,17,ajay_kadiyala,https://topmate.io/ajay_kadiyala,"'ajay_kadiyala',","22,620",17047,https://static.topmate.io/95EcRJVWcN21fV2Vb22Wzf.jfif,kadiyala ajay,Hey There! This is Ajay Kadiyala. I help people to crack top Product based Companies.
Minutes,18,qabytopmate,https://topmate.io/qabytopmate,"'qabytopmate',","21,755",13586,https://static.topmate.io/teYrUZmVeLZhSYL1D2LkXb.jpeg,Topmate QA,Quality engineer
Minutes,19,priyasha_crackxat,https://topmate.io/priyasha_crackxat,"'priyasha_crackxat',","21,740",383551,https://topmate-staging.s3.amazonaws.com/nJpNcyqU1EWG7NhQ2mm4LX.jpeg,Priyasha Das,Founder- CRACK XAT| GDPI Specialist | Interview Guidance| Dean's Merit | List Your Go-To-Girl for queries related to Careers | MBA | Jobs | Internships | Preparation Strategy
Minutes,20,dr_naveen_nagarajan,https://topmate.io/dr_naveen_nagarajan,"'dr_naveen_nagarajan',","21,640",383635,https://topmate-staging.s3.amazonaws.com/kZSVFyopzVCERtaM4iJSSA.png,Naveen Nagarajan,"Offering evidence-based skin & hair care consultations. Get personalized advice on skin care routines, dandruff and hair loss prevention using proven scientific solutions."
Minutes,21,anushka_mendonce,https://topmate.io/anushka_mendonce,"'anushka_mendonce',","21,210",162934,https://static.topmate.io/xgMQaRkNwx2ho8sAFLuoya.jpeg,Anushka Mendonce,Therapist / Counsellor
Minutes,22,aparna_debnath,https://topmate.io/aparna_debnath,"'aparna_debnath',","20,885",96276,https://static.topmate.io/7CFx9YoRYZFBRXHHpmR66d.jpeg,Aparna Debnath,Assistant Vice President at Barclays | Ex-JP Morgan | Product Owner | Lead Business Analyst | Career Coach | Finance | 170k Followers on LinkedIn!
Minutes,23,sourav_tiwary,https://topmate.io/sourav_tiwary,"'sourav_tiwary',","20,785",156168,https://static.topmate.io/5MgUhGecFwPfWozMyoWUFw.jpeg,Sourav Tiwary,"I was once 145 kilos — bullied, ashamed, and lost. But that pain became purpose. I dropped 60+ kilos and built Fitshala — a space to heal, not hustle.We don’t do diets or dumb rules. We do habits, healing & hugs (with a lil push 😄)."
Minutes,24,mbawidabhishek,https://topmate.io/mbawidabhishek,"'mbawidabhishek',","19,200",88114,https://topmate-staging.s3.ap-south-1.amazonaws.com/nekVzYLNPk5qmvrZ92mub2.jpeg,Abhishek Srivastava,"NOTE: If you're not prepared to confront some tough realities, kindly avoid scheduling this session | Everything MBA - in the MOST simplest way. | How to get Jobs | Profile Building | MBA - Colleges, Entrance Preparation | Career"
Minutes,25,sahaja_madhuri,https://topmate.io/sahaja_madhuri,"'sahaja_madhuri',","19,140",202339,https://static.topmate.io/vwuzRkEAk6MJDHNQzGJ5zd.JPG,Sahaja Madhuri,"Empowering your journey towards growth, balance, and fulfillment

Internationally Accredited Life Coach
Motivator | Creator | Entrepreneur"
Most Testimonials,1,priyasha_crackxat,https://topmate.io/priyasha_crackxat,"'priyasha_crackxat',",994,383551,https://topmate-staging.s3.amazonaws.com/nJpNcyqU1EWG7NhQ2mm4LX.jpeg,Priyasha Das,Founder- CRACK XAT| GDPI Specialist | Interview Guidance| Dean's Merit | List Your Go-To-Girl for queries related to Careers | MBA | Jobs | Internships | Preparation Strategy
Most Testimonials,2,dataengineering,https://topmate.io/dataengineering,"'dataengineering',",879,92292,https://static.topmate.io/qsbZkmuK39pi1XoKD2VF36.JPG,Gowtham SB,Data Engineer | PayPal | YouTuber 290K | Talks Facts Only
Most Testimonials,3,ajay_shenoy,https://topmate.io/ajay_shenoy,"'ajay_shenoy',",655,61820,https://static.topmate.io/7Jn6xiUrQsncihaSqFGp6J.png,Ajay Shenoy,14+ yrs in AI/ML: Industry + IISc PhD | Harman | Target | NITK
Most Testimonials,4,codtech_it_solutions,https://topmate.io/codtech_it_solutions,"'codtech_it_solutions',",636,314224,https://static.topmate.io/odFwGNzHETa9MosE4BYiDC.jpeg,CODTECH IT SOLUTIONS,Improving Tech Skills 24/7
Most Testimonials,5,krishankumar,https://topmate.io/krishankumar,"'krishankumar',",608,352593,https://topmate-profile-pics.s3.ap-south-1.amazonaws.com/profile_pic_d47f74db-b2a3-45ec-801f-5604a5221b5b.jpeg,Krishan Kumar,130K+ Linkedin | Software Engineer
Most Testimonials,6,nitinjadhav,https://topmate.io/nitinjadhav,"'nitinjadhav',",601,23003,https://static.topmate.io/oBuhcuDRaWb4sjefXHGaRx.png,Nitin Jadhav,"ENO, CFO @CS (UBS) | Investment Banking | HSBC | Oxford | SEBI (NISM) & NSE Certified | Google Certified Data Analytics Professional | Top 0.1% Mentor @Topmate | Featured on Times Square, NYC"
Most Testimonials,7,careerwithankita,https://topmate.io/careerwithankita,"'careerwithankita',",582,114514,https://static.topmate.io/xhawk2FdFNpAxcSf3XzaZJ.JPG,Ankita Jaiswal,"9+ Years of Industry Experience | Top Mentor | Flipkart, Tata Steel, MPL, Capgemini | 255k+ Instagram"
Most Testimonials,8,ayushi_mishra,https://topmate.io/ayushi_mishra,"'ayushi_mishra',",557,33373,https://static.topmate.io/rgkfvvHkqFZFufW3SpzbeZ.png,Ayushi Mishra,4+ Years Experienced Data Scientist | Provide Guidance for Data Science | Data Analysis | Mentor | YouTuber
Most Testimonials,9,primecoding19,https://topmate.io/primecoding19,"'primecoding19',",537,329333,https://topmate-staging.s3.amazonaws.com/fbjcSdLBa76T3rYXhCEbcu.png,Aditya Mishra,"Hi, I’m Aditya Mishra, a Global Hackathon Winner, Founder of Prime Coding (98% MNC placement rate), and YouTuber with 55k+ subs. I mentor students to excel in coding, placements, and hackathons. Let’s turn your challenges into success! 🚀"
Most Testimonials,10,sharmilan_vipokan,https://topmate.io/sharmilan_vipokan,"'sharmilan_vipokan',",536,142429,https://topmate-staging.s3.ap-south-1.amazonaws.com/pMUYYqeeLWoAwmgYU9ouno.png,Sharmilan Vipokan,"I'm dedicated to helping you land your dream IT job! With experience mentoring 1000+ candidates, I guide you through the job search process, from resume building to interview prep, ensuring your fully equipped to achieve your career goals."
Most Testimonials,11,ankit_lohiya,https://topmate.io/ankit_lohiya,"'ankit_lohiya',",486,265322,https://static.topmate.io/9HZRKNStzeevVZfBcREK4d.jpg,CA Ankit Lohiya,"CA | Mentoring CA Students, UPSC Aspirants and General Career Counselling 1:1 | 14k+ LinkedIn followers | Tax Columnist | M.Com"
Most Testimonials,12,kavach_khanna01,https://topmate.io/kavach_khanna01,"'kavach_khanna01',",483,44990,https://static.topmate.io/eDjrekgQPAyEoXS6UgGVSs.JPG,Kavach Khanna,Mentor You Always Needed
Most Testimonials,13,thisis_alaska,https://topmate.io/thisis_alaska,"'thisis_alaska',",480,316534,https://static.topmate.io/fJpa4r45eN2EHHsNZxoZmG.jpg,Nandini Sharma,Delhi University Gold Medalist | Founder & CEO at The Invincible Academy | Founder at Aparajita Foundation | Career Coach & CUET Mentor | Content Creator YT & IG  : 500k+
Most Testimonials,14,sumit_goyal10,https://topmate.io/sumit_goyal10,"'sumit_goyal10',",463,85713,https://topmate-staging.s3.amazonaws.com/gJxha1gaNNiJgoWyrFkkif.jfif,sumit goyal,7 yrs Exp | 50 k + Linkedin | Senior QA Engineer | Selenium | Playwright | Devops | Java | Javascript | Typescript
Most Testimonials,15,greatstack,https://topmate.io/greatstack,"'greatstack',",424,179456,https://topmate-staging.s3.ap-south-1.amazonaws.com/beCDTUkJdRgHCR2iz15nEZ.png,Avinash Kumar,"I like to teach aspiring web developers at ""GreatStack"" how to code and get their dream job."
Most Testimonials,16,advocate_manik_goyal,https://topmate.io/advocate_manik_goyal,"'advocate_manik_goyal',",414,413906,https://topmate-profile-pics.s3.ap-south-1.amazonaws.com/Advocate Manik-Goyal-1737907312.jpeg,Advocate Manik Goyal,Your One Stop Informational Lawyer!
Most Testimonials,17,sanabhateja,https://topmate.io/sanabhateja,"'sanabhateja',",394,938859,https://static.topmate.io/1v6d17vCu3NHdqrkFVd5SQ.jpeg,Sana Bhateja,CUET Guidance | Career Guidance | Du Student | Co founder The Inquisitive Mind | Biology Teacher
Most Testimonials,18,lets_connect_with_pragya,https://topmate.io/lets_connect_with_pragya,"'lets_connect_with_pragya',",390,65573,https://static.topmate.io/sonNisvutwh5u6KdyotLzp.jpg,Pragya Rathi,"Data Engineer @7-ELEVEN | Data Analytics Mentor | SQL ,Excel,Pyspark and Power BI Instructor | Get a Dedicated Roadmap for Learning Data Analytics"
Most Testimonials,19,dr_naveen_nagarajan,https://topmate.io/dr_naveen_nagarajan,"'dr_naveen_nagarajan',",357,383635,https://topmate-staging.s3.amazonaws.com/kZSVFyopzVCERtaM4iJSSA.png,Naveen Nagarajan,"Offering evidence-based skin & hair care consultations. Get personalized advice on skin care routines, dandruff and hair loss prevention using proven scientific solutions."
Most Testimonials,20,ashok_aggarwal,https://topmate.io/ashok_aggarwal,"'ashok_aggarwal',",352,107005,https://static.topmate.io/sGL6XrQiR5xDTEPGXg6oSN.jpeg,Ashok Aggarwal,"429k+ @ Instagram | 10k @ Youtube | Prev. Founder's Office @ Unstop | Invest India (Govt of India) | Guest @ LSR, SRCC, Miranda House | Incisiv, New York (Research Intern)| Not a mentor!"
Most Testimonials,21,jhoom_baba,https://topmate.io/jhoom_baba,"'jhoom_baba',",351,845323,https://static.topmate.io/vfgEkpEzDhinak4BfVkZhB.png,Jhoom Baba,"Placed @ Deloitte (BIG 4) | Ministry of Home Affairs | 215K + Followers Instagram & Youtube | Delhi University @9 CGPA

Your soon to be FAV SENIOR !!"
Most Testimonials,22,knightofsteel,https://topmate.io/knightofsteel,"'knightofsteel',",349,70098,https://static.topmate.io/vr6httS6AoXySETTg9Df6r.jpeg,Arjun Gupta,Working on Men's Mental Health | Making Research Fun | MA Psychology
Most Testimonials,23,dibhanshu_saurav,https://topmate.io/dibhanshu_saurav,"'dibhanshu_saurav',",347,47722,https://topmate-staging.s3.amazonaws.com/mHMtPTXZZ288zfmQKZ1TXM.jpeg,Dibhanshu Saurav,"Business Analyst Mentor | Mentored 1200+ Folks I 40k+ @LinkedIn I Buidling PIBA I Helping Crack BA JobsPIBA Alumni’s @ EY, PwC, Deloitte, McKinsey, Wells Fargo, NTT Data, McKinsey, Deloitte, KPMG, UST, Unisys, Eaton, Wells Fargo"
Most Testimonials,24,ajay_kadiyala,https://topmate.io/ajay_kadiyala,"'ajay_kadiyala',",314,17047,https://static.topmate.io/95EcRJVWcN21fV2Vb22Wzf.jfif,kadiyala ajay,Hey There! This is Ajay Kadiyala. I help people to crack top Product based Companies.
Most Testimonials,25,pradeep_analyst,https://topmate.io/pradeep_analyst,"'pradeep_analyst',",284,215977,https://static.topmate.io/aFDtmCkeUs2KazBw269y4u.png,Pradeep M,"I help professionals with job search strategies, profile reviews, and optimization—while guiding them to make the right moves (and avoid the wrong ones) to land their dream role."
Average Ratings,1,nitinjadhav,https://topmate.io/nitinjadhav,"'nitinjadhav',",603,23003,https://static.topmate.io/oBuhcuDRaWb4sjefXHGaRx.png,Nitin Jadhav,"ENO, CFO @CS (UBS) | Investment Banking | HSBC | Oxford | SEBI (NISM) & NSE Certified | Google Certified Data Analytics Professional | Top 0.1% Mentor @Topmate | Featured on Times Square, NYC"
Average Ratings,2,ishaan_anand,https://topmate.io/ishaan_anand,"'ishaan_anand',",225,154871,https://topmate-profile-pics.s3.ap-south-1.amazonaws.com/profile_pic_8a7e7127-787d-4940-af1b-3f1e39176874.jpeg,Ishaan Anand,"Seasoned Product Leader with 10+ years of experience in launching, scaling, and managing enterprise products. As a career coach I love to mentor budding PMs and MBA aspirants."
Average Ratings,3,ambikhaa_devim,https://topmate.io/ambikhaa_devim,"'ambikhaa_devim',",176,622665,https://static.topmate.io/6CdVbgpaiXpfawDPrgYNft.jpg,Ambikhaa Devi M,Career Mentor | Tech Educator | Resumes | LinkedIn Optimization | Interview Coach | Mock Interview | Network Strategy | Helping Students & Professionals to Land Their Dream Jobs.
Average Ratings,4,paritosh_anand,https://topmate.io/paritosh_anand,"'paritosh_anand',",115,134799,https://static.topmate.io/3Gx8aHwoKY7E4v31k8FU7T.png,Paritosh Anand,Top 0.1% Startup Mentor on Topmate |Startup Founder | IIM-A Alumnus | Lean Six Sigma Master Black Belt
Average Ratings,5,tuskertron,https://topmate.io/tuskertron,"'tuskertron',",102,361597,https://static.topmate.io/rfNUVzoecRWJQVbBeQ9uqk.jpg,Tuskertron Inc,Fueling Enterprise Growth by Forging Failproof User Centric Software
Average Ratings,6,johnson_xavier,https://topmate.io/johnson_xavier,"'johnson_xavier',",69,435560,https://topmate-staging.s3.amazonaws.com/oXqpnmqSUXnYZS3199o2fM.PNG,Johnson Xavier,"Agile and Career Coach, Program Management Expert, JIRA Trainer, SAFe Program Consultant. Trained 1000+ People in Agile across the Globe.  Enabled 70+ SAFe Certification as a corporate Trainer. Played roles of SM, RTE, Delivery Manager, etc"
Average Ratings,7,yadnesh_nikam,https://topmate.io/yadnesh_nikam,"'yadnesh_nikam',",57,249608,https://topmate-profile-pics.s3.ap-south-1.amazonaws.com/profile_pic_43761631-72a5-4d43-84d7-d364f184c304.jpeg,Yadnesh Nikam,"DevOps & MLOps Specialist | Docker Captain | Mentor | Speaker | Trainer | Helping Teams Build Scalable, AI-Ready Infra | 20K followers on Linkedin | CKA • CKS • Terraform Associate"
Average Ratings,8,shivam_parashar0,https://topmate.io/shivam_parashar0,"'shivam_parashar0',",57,1555118,https://static.topmate.io/8MZwP8iy1WmGtrSd9JAXr2.jpg,Shivam Parashar,The 360° Growth & Strategy Specialist | Business strategist | Political strategist | Relationship strategist | Career strategist |
Average Ratings,9,anurag_ingole,https://topmate.io/anurag_ingole,"'anurag_ingole',",51,320129,https://topmate-profile-pics.s3.ap-south-1.amazonaws.com/profile_pic_df1a842d-d05a-495e-9647-8921c1cb4c17.jpeg,Anurag Ingole,"Project Manager, Wellness Counsellor
BTech, MBA, PMP, 2xMA, PGD"
Average Ratings,10,shaikh_minhaj,https://topmate.io/shaikh_minhaj,"'shaikh_minhaj',",51,417550,https://static.topmate.io/3qiAXCG4HaLG3EJ85FgEJj.png,Shaikh Minhaj,"Verified Mentor | Tech & Career Guide | Data Science, Development, Cybersecurity & IT Roadmaps | Helping Students & Professionals Build Careers with Clarity | Digital Growth Enthusiast"
Average Ratings,11,ash_baskaran,https://topmate.io/ash_baskaran,"'ash_baskaran',",48,1430741,https://topmate-profile-pics.s3.ap-south-1.amazonaws.com/Ash-Baskaran-1757607779.jpeg,Ash Baskaran,"Leading people to build holistic lives and thriving careers —MAANG & Beyond│ AI & Fintech Product Leader (Azure, AWS, Toyota)│ Founder & Life Coach @ Alchemy│ Guided 1000s in Reinvention│ Advocate •Chef •Speaker •Traveler •Writer│Bonvivant"
Average Ratings,12,arpita_das1,https://topmate.io/arpita_das1,"'arpita_das1',",48,893471,https://topmate-profile-pics.s3.ap-south-1.amazonaws.com/profile_pic_fb297107-aa7f-4642-b39e-f04f3ff63950.jpeg,Arpita Das,"Software Engineer 3 @ Google | ex-Microsoft, ex-SAP"
Average Ratings,13,gauravpathak,https://topmate.io/gauravpathak,"'gauravpathak',",48,258958,https://topmate-staging.s3.amazonaws.com/4BTM81AWtisUnUNj45TWBw.jpg,Gaurav Pathak,Product Management & Project Management Mentor | Interview Coach | People Leadership Trainer | Mental Health Advocate | Career Coach
Average Ratings,14,evolution_nick_consultation,https://topmate.io/evolution_nick_consultation,"'evolution_nick_consultation',",47,330482,https://static.topmate.io/3svPLrEPVQCk8TQgS9SwJ2.jpg,Nikhil Gupta,"Looking for the perfect car? I offer expert advice on choosing the right vehicle, finding the best deals, and navigating the buying process. Let’s make your car purchase smooth and stress-free! 🚗✨ Book a session now!"
Average Ratings,15,ayush_matcha,https://topmate.io/ayush_matcha,"'ayush_matcha',",47,1246648,https://topmate-profile-pics.s3.ap-south-1.amazonaws.com/profile_pic_d096f7dd-a4ab-40b1-aaf0-f6d14b1c6867.jpeg,Ayush Matcha,"Mentor for CAT, OMETs, and B-School Admissions"
Average Ratings,16,anshul_gandhi,https://topmate.io/anshul_gandhi,"'anshul_gandhi',",43,596595,https://static.topmate.io/4iBKtPok544mCp5gUQdnrc.png,Anshul Gandhi,AI Engineering | Data Science | Breaking Into Big Tech| Career Growth
Average Ratings,17,sahirmaharaj,https://topmate.io/sahirmaharaj,"'sahirmaharaj',",42,3295,https://static.topmate.io/aZC2tZxXGugLP2y6sASQQS.png,Sahir Maharaj,Lead Data Scientist | AI / ML Engineer
Average Ratings,18,aadityaanaik,https://topmate.io/aadityaanaik,"'aadityaanaik',",40,336658,https://topmate-staging.s3.amazonaws.com/h9fEyuBpkK1oKJYTfbEHCr.jpeg,Aditya Naik,Data Engineer at TikTok
Average Ratings,19,ravinder_singh12,https://topmate.io/ravinder_singh12,"'ravinder_singh12',",40,183984,https://static.topmate.io/qLY6uaVm3Ez3u6b7aMAeH8.jpeg,Ravinder Singh,"With 6+ years in fitness, I help busy people build real strength through practical nutrition and simple lifestyle upgrades for better health and quality of life. On a mission to transform 10k lives by 2027💪"
Average Ratings,20,meet_sagar,https://topmate.io/meet_sagar,"'meet_sagar',",40,597116,https://static.topmate.io/uuexiJTry8DXfWDz71yokn.jpeg,Sagar Shah,AI/ML Leader & Data Science Innovator | 10+ Patents & Peer-Reviewed Publications | BCS Fellow | IEEE Senior Member | Award-Winning Innovator | Global Keynote Speaker | Mentor to 12K+ | Career Coach for Data Scientists
Average Ratings,21,varun760,https://topmate.io/varun760,"'varun760',",39,1533440,https://static.topmate.io/jQUNSnjst1zsiBs4Mhvp9a.jpeg,Varun Agarwal,Entrepreneur | Author | Speaker
Average Ratings,22,saarthak,https://topmate.io/saarthak,"'saarthak',",39,25074,https://topmate-staging.s3.ap-south-1.amazonaws.com/jwEbCcCCYYmeY6NCFo2jBA.png,Saarthak Swaroop,"Career Mentor | Interview Specialist | IBM | MBA, MICA | Ex - P&G, HUL, Swiggy Dineout, Magicpin | Marketing, Brand Manager, Category, Ecommerce"
Average Ratings,23,harvendra_singh,https://topmate.io/harvendra_singh,"'harvendra_singh',",38,942743,https://static.topmate.io/s2ZpoHUPePLC7S1Wx1ouDE.jpg,Harvendra Singh,"Cloud Engineering & Architecture expert driving digital transformation. Skilled in cloud-native solutions (Azure, GCP, K8s), microservices, DevOps, data engineering & AI."
Average Ratings,24,tuansihan,https://topmate.io/tuansihan,"'tuansihan',",38,335675,https://static.topmate.io/nW1ao9fcD97eMKqBTiJXnt.jpeg,Tuan Sihan,Let's get you a job in Data
Average Ratings,25,swapnil_mule,https://topmate.io/swapnil_mule,"'swapnil_mule',",38,10783,https://static.topmate.io/nVg3w6cbFtsoKQMArUvQEt.png,Swapnil Mule,"Head of Digital Marketing & Recruitment (Germany) | Work-Abroad Mentor | MSc in Management | Edu. Content Creator
Helping professionals launch careers in Europe with clear, practical guidance."
Growth Earning Wise,1,diwakar,https://topmate.io/diwakar,"'diwakar',",834.30%,318,https://static.topmate.io/iArsT7edVR62Jo8481BKyk.jpg,Diwakar Singh,Top 1% LinkedIn Creator in Canada (Based on Favikon Ranking in Canada) || Building BA Helpline & ZSkill Academy || Simplifying Business Analysis ➡️ Examples|| Author : How to Start Freelancing As a Business Analyst 📚
Growth Earning Wise,2,aashin,https://topmate.io/aashin,"'aashin',",669.33%,118948,https://static.topmate.io/pGcD9f6qX1N8FkkcWD3dCE.png,Aashin London,"Start Your Business in UK Support for UK Sponsorship Jobs, Visas & More"
Growth Earning Wise,3,learnwiththeatrewala,https://topmate.io/learnwiththeatrewala,"'learnwiththeatrewala',",603.77%,350639,https://static.topmate.io/8E9ogche7Ny1CDQEfR2WPJ.png,Learn with Theatrewala,"Take your acting to the next level with personalised coaching at Theatrewala—where we help you bring out your best, on screen and stage."
Growth Earning Wise,4,dataengineering,https://topmate.io/dataengineering,"'dataengineering',",547.58%,92292,https://static.topmate.io/qsbZkmuK39pi1XoKD2VF36.JPG,Gowtham SB,Data Engineer | PayPal | YouTuber 290K | Talks Facts Only
Growth Earning Wise,5,anuj_niranjan,https://topmate.io/anuj_niranjan,"'anuj_niranjan',",313.02%,18018,https://topmate-profile-pics.s3.ap-south-1.amazonaws.com/Anuj-Niranjan-1666955066.jpeg,Anuj Niranjan,11+ yrs in Investing/Trading: Industry + IIT Bombay B.Tech & Masters | Citibank |ISB
Growth Earning Wise,6,archana_goyal,https://topmate.io/archana_goyal,"'archana_goyal',",282.66%,146925,https://topmate-profile-pics.s3.ap-south-1.amazonaws.com/profile_pic_0cfec32f-1f8c-433b-b004-a498692fbc13.jpeg,Archana Goyal,"Staff Engineer at Conviva ❤️ | Ex- VP(Data Architect) at Morgan Stanley😊 | Ex-Senior Data Engineer at Intel Security ✍️| Ex-Data Engineer at HP| 10K  Post Impression on Medium | Data Engineering, ML and Bigdata Mentor 📊"
Growth Earning Wise,7,code_bashers,https://topmate.io/code_bashers,"'code_bashers',",267.39%,4308,https://static.topmate.io/f8JWKvMnBNyjtQ59gxLhVn.png,Code Bashers,"Guys if u face Any Problem in booking slot , u can mail us at bashers.code@gmail.com or write a query using below service."
Growth Earning Wise,8,marina_wyss,https://topmate.io/marina_wyss,"'marina_wyss',",256.01%,350216,https://static.topmate.io/esfxx5Y8ECRdTRcQsP5USp.jpg,Marina Wyss,Senior Machine Learning Scientist at Twitch/Amazon
Growth Earning Wise,9,abhishekbhardwaj,https://topmate.io/abhishekbhardwaj,"'abhishekbhardwaj',",252.36%,65149,https://topmate-profile-pics.s3.ap-south-1.amazonaws.com/profile_pic_a7ec5559-a33c-4846-8f0e-854b9a6fe1ab.jpeg,Abhishek Bhardwaj,Product @Square | Passionate about Product Management and helping PMs succeed.
Growth Earning Wise,10,chempractice,https://topmate.io/chempractice,"'chempractice',",239.90%,75727,https://static.topmate.io/qTtepWy24mEpH3nSo7q7Ws.jpg,vishakha Jangir,"I am a professional Chemical Engineer working in the oil & gas industry with over 3 years of experience.For the past 3+ years, I've been offering guidance to students/professionals in their coursework, exams, interview preparation, project"
Growth Earning Wise,11,nidhi_nagori,https://topmate.io/nidhi_nagori,"'nidhi_nagori',",220.84%,31269,https://static.topmate.io/w5anXVKjbvvVpy9HyuzSdZ.png,Nidhi Nagori,"CA, CPA (🇺🇸,🇨🇦) CISA | Worked in 30 countries✈️"
Growth Earning Wise,12,ankita_gulati,https://topmate.io/ankita_gulati,"'ankita_gulati',",215.25%,19833,https://static.topmate.io/gZYBbhmr9xf2JC1NvnDuuj.png,Ankita Gulati,Data Engineer | Guiding individuals aspiring for job opportunities
Growth Earning Wise,13,vivek_kumar52,https://topmate.io/vivek_kumar52,"'vivek_kumar52',",181.28%,241196,https://static.topmate.io/cvqfPU15521MFmauRR3i2f.jpeg,Vivek Kumar,🎯 Your Go-To Interview Mentor | 🏆Specializing in DA & BA Role Transitions  | 📊 🧑‍🔬 Data Science  | 🎭 🗣️ Mock Interviews
Growth Earning Wise,14,gabhru_in_uk,https://topmate.io/gabhru_in_uk,"'gabhru_in_uk',",180.45%,175760,https://static.topmate.io/qqCPk9dk91jTd55tkMj2hf.jpg,Harjeet Singh,gabhru in uk
Growth Earning Wise,15,shubham_wadekar,https://topmate.io/shubham_wadekar,"'shubham_wadekar',",179.65%,192597,https://static.topmate.io/pGbDwovAjJJLnk26TPz6D4.jpg,Shubham Wadekar,"Hi, I am Shubham Wadekar. I guide people aspiring for Data Engineer roles."
Growth Earning Wise,16,rounaq_bakshi,https://topmate.io/rounaq_bakshi,"'rounaq_bakshi',",172.57%,333468,https://static.topmate.io/7rDb4siKjT1BnNmukw2Sdx.png,Rounaq Bakshi,Investing since 2012
Growth Earning Wise,17,ajay_shenoy,https://topmate.io/ajay_shenoy,"'ajay_shenoy',",171.89%,61820,https://static.topmate.io/7Jn6xiUrQsncihaSqFGp6J.png,Ajay Shenoy,14+ yrs in AI/ML: Industry + IISc PhD | Harman | Target | NITK
Growth Earning Wise,18,bhagwat_bhokare,https://topmate.io/bhagwat_bhokare,"'bhagwat_bhokare',",168.55%,123605,https://static.topmate.io/ddtSKCk5eW9EY7kuEVV5RS.jpeg,Bhagwat Bhokare,SAP Techno functional consultant | FICO | MM | ABAP | SAP Practice server provider | Freelance Trainer | Trained 2100+ Student and industrial professional | YouTube 3.27K+ | LinkedIn 20K +
Growth Earning Wise,19,mentoringbyaneri,https://topmate.io/mentoringbyaneri,"'mentoringbyaneri',",152.54%,375203,https://topmate-staging.s3.amazonaws.com/6s3VQUmofgA9PkLe6FZeZ3.png,Aneri Patel,"Fashion Designer| Career Counsellor| Business Coach1:1 Fashion Career & Business Consultation for fashion brands, designers | NIFT Alumnus 2015"
Growth Earning Wise,20,sheetmetric,https://topmate.io/sheetmetric,"'sheetmetric',",136.13%,234568,https://static.topmate.io/nhY1aXase61C1GF8cTcBAy.png,SheetMetric .,Google Sheets | Stock Market |5k+YouTube | Trading | Investing | IIT+IIM | Start-ups
Growth Earning Wise,21,pinapathruni_saikiran,https://topmate.io/pinapathruni_saikiran,"'pinapathruni_saikiran',",134.65%,179313,https://static.topmate.io/u7Yzfx8Tdwn4WfVZeHt1yQ.png,Saikiran Pinapathruni,"Offering expert insights, tailored mock interviews, and practical advice to help you ace DevOps"
Growth Earning Wise,22,tanmay_goel,https://topmate.io/tanmay_goel,"'tanmay_goel',",131.87%,3953,https://static.topmate.io/wYK1p1qfQBchCCuuDkds7u.png,Tanmay Goel,Software Engineer at Qualcomm | Ex - National Instruments | From tier-3 college
Growth Earning Wise,23,sdejobsandinternships,https://topmate.io/sdejobsandinternships,"'sdejobsandinternships',",123.90%,274282,https://static.topmate.io/6aK1FByyykUPSUfXmSorab.jpg,SDE Jobs and Internships,We are offering referral opportunities for internships and full-time jobs. We hope this helps you in building your corporate journey.
Growth Earning Wise,24,mentorsachin,https://topmate.io/mentorsachin,"'mentorsachin',",102.45%,106211,https://static.topmate.io/huziwLEvWURoTjR1qgzc4X.png,Sachin Chandrashekhar Data Engineering Hub,On a mission to help 10000 data professionals get upskilled in AWS Data Engineering!
Growth Earning Wise,25,shubham_shubham11,https://topmate.io/shubham_shubham11,"'shubham_shubham11',",101.05%,723536,https://static.topmate.io/3HUkHNdPD9DPL9Zu95WZ76.png,Shubham Shubham,Designs Wonders For App and Websites
1:1 call bookings,1,ayush_chaudhary,https://topmate.io/ayush_chaudhary,"'ayush_chaudhary',",1705,228306,https://static.topmate.io/6TMGx19bms4XdGJvbfo1ur.jpg,Ayush Chaudhary,Psychologist | M.Sc in Clinical Psychology.
1:1 call bookings,2,ankit_lohiya,https://topmate.io/ankit_lohiya,"'ankit_lohiya',",1317,265322,https://static.topmate.io/9HZRKNStzeevVZfBcREK4d.jpg,CA Ankit Lohiya,"CA | Mentoring CA Students, UPSC Aspirants and General Career Counselling 1:1 | 14k+ LinkedIn followers | Tax Columnist | M.Com"
1:1 call bookings,3,harry_singh12,https://topmate.io/harry_singh12,"'harry_singh12',",1284,231234,https://static.topmate.io/uoEhpSSs52TqJb262PToCT.jpeg,Harry Singh,Professional Visa Consultation
1:1 call bookings,4,bharat_varshney,https://topmate.io/bharat_varshney,"'bharat_varshney',",966,79957,https://static.topmate.io/2hbAXKJzP6GsDDrYXpGpLw.png,Bharat Varshney,"Technical QA Lead | 32K+ Followers | Top 0.1 Mentor | Team Leader & QA Trainer | Agile, DevOps & CI/CD Expert | Driving AI-Powered Test Innovation & Quality | BrowserStack Champion | Selectorshub Ambassdor | Community Contributor"
1:1 call bookings,5,dr_naveen_nagarajan,https://topmate.io/dr_naveen_nagarajan,"'dr_naveen_nagarajan',",878,383635,https://topmate-staging.s3.amazonaws.com/kZSVFyopzVCERtaM4iJSSA.png,Naveen Nagarajan,"Offering evidence-based skin & hair care consultations. Get personalized advice on skin care routines, dandruff and hair loss prevention using proven scientific solutions."
1:1 call bookings,6,gauravpathak,https://topmate.io/gauravpathak,"'gauravpathak',",858,258958,https://topmate-staging.s3.amazonaws.com/4BTM81AWtisUnUNj45TWBw.jpg,Gaurav Pathak,Product Management & Project Management Mentor | Interview Coach | People Leadership Trainer | Mental Health Advocate | Career Coach
1:1 call bookings,7,kavach_khanna01,https://topmate.io/kavach_khanna01,"'kavach_khanna01',",820,44990,https://static.topmate.io/eDjrekgQPAyEoXS6UgGVSs.JPG,Kavach Khanna,Mentor You Always Needed
1:1 call bookings,8,praveen_thopalle,https://topmate.io/praveen_thopalle,"'praveen_thopalle',",793,350566,https://topmate-profile-pics.s3.ap-south-1.amazonaws.com/profile_pic_19ef6326-b3cb-44e3-9dba-90f64394a75e.jpeg,praveen kumar,Senior Software Engineer at DELL EMC | Rator Fellow
1:1 call bookings,9,caghanshyam,https://topmate.io/caghanshyam,"'caghanshyam',",792,10607,https://topmate-staging.s3.ap-south-1.amazonaws.com/sFjG9Th5KTWq3tvEpuzr3u.jpg,GSPrime Mentorship - CA Ghanshyam Agarwal,Hi I Am CA Ghanshyam Agarwal post qualification 5 yrs experience working in Big4 Pwc ey kpmg and top consulting firm in Audit Tax finance domains helped CA MBA finance CMA Bcom Mcom in career counseling Interview Preparation job search
1:1 call bookings,10,sourav_tiwary,https://topmate.io/sourav_tiwary,"'sourav_tiwary',",792,156168,https://static.topmate.io/5MgUhGecFwPfWozMyoWUFw.jpeg,Sourav Tiwary,"I was once 145 kilos — bullied, ashamed, and lost. But that pain became purpose. I dropped 60+ kilos and built Fitshala — a space to heal, not hustle.We don’t do diets or dumb rules. We do habits, healing & hugs (with a lil push 😄)."
1:1 call bookings,11,smangaraj28,https://topmate.io/smangaraj28,"'smangaraj28',",695,2635,https://static.topmate.io/5RVTE9sHnzkRSu3JAF88cr.jpeg,soumya sambit mangaraj,"SDE 2 @Oracle Cloud | Teacher @Scaler | Ex-@Goldman Sachs, @PayPal | GATE AIR 485"
1:1 call bookings,12,subhaghealth,https://topmate.io/subhaghealth,"'subhaghealth',",635,227659,https://topmate-staging.s3.ap-south-1.amazonaws.com/8nrNan5PHfn1bZ5GWxacJC.png,Chandan Prasad,Empowering Healthcare Entrepreneurs: Specialist in Guiding Hospital and clinic Owners and gynecologists to Launch Successful IUI Clinics with Androwash Expertise. Transforming Visions into Reality. 🏥✨
1:1 call bookings,13,priyasha_crackxat,https://topmate.io/priyasha_crackxat,"'priyasha_crackxat',",605,383551,https://topmate-staging.s3.amazonaws.com/nJpNcyqU1EWG7NhQ2mm4LX.jpeg,Priyasha Das,Founder- CRACK XAT| GDPI Specialist | Interview Guidance| Dean's Merit | List Your Go-To-Girl for queries related to Careers | MBA | Jobs | Internships | Preparation Strategy
1:1 call bookings,14,jagan_coach,https://topmate.io/jagan_coach,"'jagan_coach',",588,315260,https://static.topmate.io/eWXTPZEVnd1JD99ZDZMiTQ.png,Jagan S,"Ex-CTO / ICF ACC / Executive, Leadership & Career Coach / Mentor"
1:1 call bookings,15,vivek_kumar52,https://topmate.io/vivek_kumar52,"'vivek_kumar52',",565,241196,https://static.topmate.io/cvqfPU15521MFmauRR3i2f.jpeg,Vivek Kumar,🎯 Your Go-To Interview Mentor | 🏆Specializing in DA & BA Role Transitions  | 📊 🧑‍🔬 Data Science  | 🎭 🗣️ Mock Interviews
1:1 call bookings,16,manohar,https://topmate.io/manohar,"'manohar',",558,1502,https://static.topmate.io/kJuiktNW5DYSJsBVTsH1h5.jpg,Manohar Batra,10+ yrs Exp | Senior Front End Developer | 97k+ YT Family | 35k+ LinkedIn
1:1 call bookings,17,astrokarak,https://topmate.io/astrokarak,"'astrokarak',",537,267245,https://static.topmate.io/7XuvVQRLzUXnacw3aNZCwe.jpg,Pranjal Singh,"Vedic Astrology ConsultantConsultations, E-Books, and Courses"
1:1 call bookings,18,propel,https://topmate.io/propel,"'propel',",533,7993,https://topmate-staging.s3.amazonaws.com/xcuMaKRG9TqHcvVjDL177D.png,Product Space,Be a better Professional everyday
1:1 call bookings,19,witblox,https://topmate.io/witblox,"'witblox',",519,39836,https://static.topmate.io/17y75xGE3sfb8Lu1xT2nZK.png,Witblox Team,"Can solve any doubts regarding Arduino, AI Electronics and many other DIY projects"
1:1 call bookings,20,sharmilan_vipokan,https://topmate.io/sharmilan_vipokan,"'sharmilan_vipokan',",518,142429,https://topmate-staging.s3.ap-south-1.amazonaws.com/pMUYYqeeLWoAwmgYU9ouno.png,Sharmilan Vipokan,"I'm dedicated to helping you land your dream IT job! With experience mentoring 1000+ candidates, I guide you through the job search process, from resume building to interview prep, ensuring your fully equipped to achieve your career goals."
1:1 call bookings,21,rochisshil_varma,https://topmate.io/rochisshil_varma,"'rochisshil_varma',",502,409976,https://static.topmate.io/rZdpJQKBVMxrB35Bs3Muja.jpg,rochisshil varma,Here to help you succeed!
1:1 call bookings,22,ignite_yourpotential_with_akshat,https://topmate.io/ignite_yourpotential_with_akshat,"'ignite_yourpotential_with_akshat',",480,661819,https://topmate-profile-pics.s3.ap-south-1.amazonaws.com/profile_pic_436d0212-bba4-44a1-9760-46f8a6272e6d.jpeg,Akshat Mehta,"11K+ LinkedIN Community | TOP LinkedIn Voice  | AI/ML Engineer | Exploring the Future and Innovations of NLP,Gen AI & Agentic AI | MSc. in AI/ML @LJMU,UK | Helping Professionals Optimize Resumes & LinkedIn Profiles"
1:1 call bookings,23,aparna_debnath,https://topmate.io/aparna_debnath,"'aparna_debnath',",480,96276,https://static.topmate.io/7CFx9YoRYZFBRXHHpmR66d.jpeg,Aparna Debnath,Assistant Vice President at Barclays | Ex-JP Morgan | Product Owner | Lead Business Analyst | Career Coach | Finance | 170k Followers on LinkedIn!
1:1 call bookings,24,nitil_kumar_shrivastava,https://topmate.io/nitil_kumar_shrivastava,"'nitil_kumar_shrivastava',",478,326729,https://static.topmate.io/5EbLQuWVkA8qEXcq9fp4JG.jpeg,Nitil Kumar Shrivastava,"Hello, Your European Dreams aka Nitil Shrivastava Here. 
I do provide Consultation  for study in Italy & Europe"
1:1 call bookings,25,iamparagjain,https://topmate.io/iamparagjain,"'iamparagjain',",449,95258,https://topmate-staging.s3.amazonaws.com/5nQ6zorMYyF4orMaUjh2jo.png,Parag Jain,"PM Interview Coach | 1100+ FAANG & Bigtech Mentees | 10+ YOE Product & Growth | Coach - Upgrad & Mesa School of Business | Creator - Product Interview Playbook - Crack PM Interview in 1 Week | Ex - Good Glamm Group, Bewakoof, Amoni."
Package Bookings,1,primecoding19,https://topmate.io/primecoding19,"'primecoding19',",14445,329333,https://topmate-staging.s3.amazonaws.com/fbjcSdLBa76T3rYXhCEbcu.png,Aditya Mishra,"Hi, I’m Aditya Mishra, a Global Hackathon Winner, Founder of Prime Coding (98% MNC placement rate), and YouTuber with 55k+ subs. I mentor students to excel in coding, placements, and hackathons. Let’s turn your challenges into success! 🚀"
Package Bookings,2,dataengineering,https://topmate.io/dataengineering,"'dataengineering',",3841,92292,https://static.topmate.io/qsbZkmuK39pi1XoKD2VF36.JPG,Gowtham SB,Data Engineer | PayPal | YouTuber 290K | Talks Facts Only
Package Bookings,3,genzcareer,https://topmate.io/genzcareer,"'genzcareer',",2140,231684,https://static.topmate.io/29wpLPr9DLcPJ7j39rJUBd.jpg,GenZ Career,"I'm a Senior Software Developer with extensive experience in one of the leading multinational corporations. Over the years, I've had the unique opportunity to conduct over 100 interviews, giving me a deep understanding of what it takes to s"
Package Bookings,4,karun,https://topmate.io/karun,"'karun',",1598,66736,https://static.topmate.io/u4K6MfUXfsxZ9438iKDHV4.jpg,Karun Thankachan,Top Data Mentor (2025) - Here to help you land you next Data Science role
Package Bookings,5,aman_agarwal247776,https://topmate.io/aman_agarwal247776,"'aman_agarwal247776',",1203,286825,https://static.topmate.io/4vm5g19yAJETvgVJ6ZXSWb.jpeg,Aman Agarwal,"Hi This is Aman Agarwal  Founder of ""THEBTECHFACTORY "" || TEACHER ||  Mentored 20k+ students so far and many students got placed in Big Tech Companies like TCS from our Channel ""TheBtechFactory"" ."
Package Bookings,6,divyashree,https://topmate.io/divyashree,"'divyashree',",1084,409753,https://static.topmate.io/rd7XUXmngipdcffTV4rTqB.jpg,Divyashree S,Training and Placement Officer | Influencer manager| Senior Business development associate|Freelancer
Package Bookings,7,versatilegupta,https://topmate.io/versatilegupta,"'versatilegupta',",966,1060008,https://static.topmate.io/64LowrZqF3AFBN5748D4p8.jpg,Vaishnavi Gupta,Part time youtuber & a full time student
Package Bookings,8,coder_girl_11,https://topmate.io/coder_girl_11,"'coder_girl_11',",539,1365836,https://static.topmate.io/eaMGKCATov134GgszjpR8d.jpg,Coder Girl,Sharing High Quality Study Materials
Package Bookings,9,qa_engineer,https://topmate.io/qa_engineer,"'qa_engineer',",530,254605,https://topmate-staging.s3.amazonaws.com/a7jwRfWJfNWSPW4w3yqsAA.jpg,Testing Corner,Selenium Expert | YouTube Educator | Automation Testing Coach | Crack Your Automation Testing Interview with Expert Guidance
Package Bookings,10,kalpesh_jain,https://topmate.io/kalpesh_jain,"'kalpesh_jain',",498,410417,https://topmate-profile-pics.s3.ap-south-1.amazonaws.com/profile_pic_2202c2c4-dd39-408a-bb4b-50848dea3702.jpeg,Kalpesh Jain,"Quality Analyst | Automation Expert (Selenium, Playwright, JMeter, Appium) | Mentor | Boosted Defect Detection by 30% 🚀 | Agile & AI-Driven Testing Advocate & Continuous Improvement"
Package Bookings,11,nitin_paliwal,https://topmate.io/nitin_paliwal,"'nitin_paliwal',",495,219415,https://static.topmate.io/adw7h5oV6kUn8VHG1GJpie.jpg,Nitin Paliwal,Teach Computer Science to Class 11 and 12 students on Youtube. Having more than 20k+ subscribers.
Package Bookings,12,morganyoung,https://topmate.io/morganyoung,"'morganyoung',",484,45148,https://topmate-staging.s3.amazonaws.com/cLQXePbFPAdcEzPPapBLhr.png,Morgan Young,"LinkedIn Top Voice, Gen Z • Keynote Speaker • Founder @ That LinkedIn Girl 💁🏻‍♀️ & innovateHer 👩🏻‍💻 • [in]structor @ LinkedIn Learning • prev @ Disney, Shopify • ft. in NPR, Fast Company & Business Insider, Her Campus"
Package Bookings,13,chthakkarsap,https://topmate.io/chthakkarsap,"'chthakkarsap',",469,84117,https://topmate-staging.s3.amazonaws.com/4XuL6i9QLRbcuT75mW2H95.jpg,Chirag Thakkar SAP FICO,"Your Ultimate mentor to SAP Guidance: 
7000+ have successfully cleared the SAP FICO Interviews by getting Interview preparation package. | 1. Interview Preparation | 2. SAP FICO Career Guidance | 3. SAP Consultant Guidance."
Package Bookings,14,abhaypsrajawat,https://topmate.io/abhaypsrajawat,"'abhaypsrajawat',",410,219213,https://static.topmate.io/1RzySHDhaihUunNLANfBue.jpg,Abhay PS Rajawat,🌟 3+ Yrs of Freelance Video Editing Experience | 🔥 6+ Years Expertise in Video Editing | 🚀 100K+ Subscribers on YouTube
Package Bookings,15,power_bi_interview_prep,https://topmate.io/power_bi_interview_prep,"'power_bi_interview_prep',",402,434890,,Meghana M,"Hi, I'm Meghana! A Senior Power BI Developer and creator of the YouTube channel ""Power BI Interview Prep,"" where I help professionals master Power BI, DAX, & analytics to grow their careers in data analytics."
Package Bookings,16,praveen_patel,https://topmate.io/praveen_patel,"'praveen_patel',",384,402200,https://static.topmate.io/vAtDjEQTXRkXke3viMSC31.JPG,Praveen Patel,"0.1% Mentor at Topmate | 2x Featured at Times Square, New York | Azure Data Engineering Career Coach | Topmate Trusted Creator | Azure Data Engineer | Microsoft Certified Fabric Data Engineer"
Package Bookings,17,rahulbansaledits,https://topmate.io/rahulbansaledits,"'rahulbansaledits',",326,7143,https://static.topmate.io/eErJVeQqZ9iuhXGhpWHjdj.PNG,Rahul Bansal,VN Reels Template Expert (300K+ Instagram Followers)
Package Bookings,18,sunand_sharrma,https://topmate.io/sunand_sharrma,"'sunand_sharrma',",297,73685,https://static.topmate.io/eQ1trvA6hC8oHEoELXbksx.png,Sunand Sharma,Transformed 1500+ careers | Career guidance for Europe & UAE (Dubai) Agile Coach | Scrum Master | Business Analyst | Project Manager | Career Mentor
Package Bookings,19,draditipaul,https://topmate.io/draditipaul,"'draditipaul',",271,29433,https://static.topmate.io/gX9CxECshseS2tT6ZCCRGR.jpeg,"Aditi Paul, PhD","Get EB1-ready with a proven action plan — make real progress in 4–6 focused hours/week, so you can live in the US with freedom & ease | Served: 78+ Clients. 3600+ Customers | DM ""GO"" to work with me"
Package Bookings,20,ui_dev_guide,https://topmate.io/ui_dev_guide,"'ui_dev_guide',",253,92419,https://static.topmate.io/7J4G7Q779TgzK26zD9hxPv.jpg,"Ui Dev Guide ,",Help job seekers achieve their dream careers and create a brighter future.Don't forget to check our YouTube channel
Package Bookings,21,naveeddumasia,https://topmate.io/naveeddumasia,"'naveeddumasia',",253,1578274,https://static.topmate.io/jWvkwDb5t4L5JWDfyEBRXM.jpg,Naveed Dumasia,"I share real Dubai job market insights, practical tips, and on-ground guidance you actually need before moving to Dubai."
Package Bookings,22,abhinavawasthi,https://topmate.io/abhinavawasthi,"'abhinavawasthi',",246,5885,https://static.topmate.io/nHG5ELaQcdoF4TXjnSbHLB.jpeg,Abhinav Awasthi,SDE @ Zeta - Directi | Ex-LinkedIn & GeeksforGeeks | DSA & Interview Mentor | Founder – crackDSA & coding75 | Top 1% in World on Leetcode
Package Bookings,23,nishchay_agrawal,https://topmate.io/nishchay_agrawal,"'nishchay_agrawal',",239,18828,https://topmate-staging.s3.amazonaws.com/xmbU8LqLc4mAg3tt7jcpyp.jpeg,Nishchay Agrawal,"SDE IV (Senior Data Engineer) at Walmart ❤️ | SDE-2 (Data Engineer II) at Meesho 😊 | Data Engineer at Morgan Stanley, Zs Associates ✍️| Gold Medalist Uttarakhand Topper🥇 | 6k+ Youtube Subscribers| 4000+ 1:1 Sessions on Data Engineering 📊"
Package Bookings,24,knightofsteel,https://topmate.io/knightofsteel,"'knightofsteel',",226,70098,https://static.topmate.io/vr6httS6AoXySETTg9Df6r.jpeg,Arjun Gupta,Working on Men's Mental Health | Making Research Fun | MA Psychology
Package Bookings,25,interviewswithsumit,https://topmate.io/interviewswithsumit,"'interviewswithsumit',",218,152692,https://static.topmate.io/fftKft9os66QRqAKxDsRm5.jpg,Sumit Interview Expert,"Technical Architect specializing in building products from the ground up, Sumit is a mentor to aspiring tech professionals and the author of a bestselling Java ebook, dedicated to shaping"
Webinars / Cohorts,1,ajay_shenoy,https://topmate.io/ajay_shenoy,"'ajay_shenoy',",14815,61820,https://static.topmate.io/7Jn6xiUrQsncihaSqFGp6J.png,Ajay Shenoy,14+ yrs in AI/ML: Industry + IISc PhD | Harman | Target | NITK
Webinars / Cohorts,2,anchal,https://topmate.io/anchal,"'anchal',",6727,4334,https://static.topmate.io/aW76iESmbeFktrmBy15K5q.jpeg,Anchal Sharma,Engineer @Myntra || Ex-SDE @PayPal || LinkedIn: 150K Followers.
Webinars / Cohorts,3,lets_connect_with_pragya,https://topmate.io/lets_connect_with_pragya,"'lets_connect_with_pragya',",5036,65573,https://static.topmate.io/sonNisvutwh5u6KdyotLzp.jpg,Pragya Rathi,"Data Engineer @7-ELEVEN | Data Analytics Mentor | SQL ,Excel,Pyspark and Power BI Instructor | Get a Dedicated Roadmap for Learning Data Analytics"
Webinars / Cohorts,4,frontendmaster,https://topmate.io/frontendmaster,"'frontendmaster',",4963,125579,https://static.topmate.io/5pjcGuHyVonXf1nxctUqgr.png,Frontend Master .,Frontend Master: Empowering Students and Professionals to Secure Their Dream Jobs in Frontend Development#javascript #reactjs #webdevelopment #frontenddevelopment #typescript
Webinars / Cohorts,5,thisis_alaska,https://topmate.io/thisis_alaska,"'thisis_alaska',",4403,316534,https://static.topmate.io/fJpa4r45eN2EHHsNZxoZmG.jpg,Nandini Sharma,Delhi University Gold Medalist | Founder & CEO at The Invincible Academy | Founder at Aparajita Foundation | Career Coach & CUET Mentor | Content Creator YT & IG  : 500k+
Webinars / Cohorts,6,quant_insider,https://topmate.io/quant_insider,"'quant_insider',",4272,142961,https://topmate-staging.s3.ap-south-1.amazonaws.com/fDhj7HZC8mpq7Trhzn4Shg.png,Quant Insider ,"Elevating Careers, Empowering Quants: Your Bridge to Quantitative Finance Excellence"
Webinars / Cohorts,7,dibhanshu_saurav,https://topmate.io/dibhanshu_saurav,"'dibhanshu_saurav',",3917,47722,https://topmate-staging.s3.amazonaws.com/mHMtPTXZZ288zfmQKZ1TXM.jpeg,Dibhanshu Saurav,"Business Analyst Mentor | Mentored 1200+ Folks I 40k+ @LinkedIn I Buidling PIBA I Helping Crack BA JobsPIBA Alumni’s @ EY, PwC, Deloitte, McKinsey, Wells Fargo, NTT Data, McKinsey, Deloitte, KPMG, UST, Unisys, Eaton, Wells Fargo"
Webinars / Cohorts,8,draditipaul,https://topmate.io/draditipaul,"'draditipaul',",3690,29433,https://static.topmate.io/gX9CxECshseS2tT6ZCCRGR.jpeg,"Aditi Paul, PhD","Get EB1-ready with a proven action plan — make real progress in 4–6 focused hours/week, so you can live in the US with freedom & ease | Served: 78+ Clients. 3600+ Customers | DM ""GO"" to work with me"
Webinars / Cohorts,9,anand_gaur,https://topmate.io/anand_gaur,"'anand_gaur',",3563,323097,https://static.topmate.io/csxYxZfPgBS8r8hvGsHKwN.JPG,Anand Gaur,𝗠𝗼𝗯𝗶𝗹𝗲 𝗧𝗲𝗰𝗵 𝗟𝗲𝗮𝗱 @ 𝗧𝗖𝗦 | 𝗔𝗻𝗱𝗿𝗼𝗶𝗱 𝗘𝘅𝗽𝗲𝗿𝘁 | 𝗔𝗜 𝗶𝗻 𝗠𝗼𝗯𝗶𝗹𝗲 𝗗𝗲𝘃𝗲𝗹𝗼𝗽𝗺𝗲𝗻𝘁 | 𝗘𝘅-𝗦𝗮𝗺𝘀𝘂𝗻𝗴 𝗮𝗻𝗱 𝗧𝗲𝗰𝗵 𝗠𝗮𝗵𝗶𝗻𝗱𝗿𝗮  | 𝟮𝟳𝗞+ 𝗟𝗶𝗻𝗸𝗲𝗱𝗜𝗻 | 𝗧𝗲𝗰𝗵𝗻𝗶𝗰𝗮𝗹 𝗕𝗹𝗼𝗴𝗴𝗲𝗿 (𝗠𝗲𝗱𝗶𝘂𝗺) | 𝗧𝗼𝗽 𝟭𝟬𝟬 𝗚𝗹𝗼𝗯𝗮𝗹 𝗖𝗿𝗲𝗮𝘁𝗼𝗿 𝗼𝗻 𝗧𝗼𝗽𝗺𝗮𝘁𝗲
Webinars / Cohorts,10,raj_abhijit_dandekar,https://topmate.io/raj_abhijit_dandekar,"'raj_abhijit_dandekar',",2948,24935,https://topmate-profile-pics.s3.ap-south-1.amazonaws.com/Raj-Abhijit Dandekar-1670841435.jpeg,Raj Abhijit Dandekar,Hello! This is Dr. Raj Dandekar. I have two goals:(1) I help students in their grad school application process.(2) I help democratize AI education at all stages of a student life.
Webinars / Cohorts,11,pondara_jagadeesh,https://topmate.io/pondara_jagadeesh,"'pondara_jagadeesh',",2363,324524,https://topmate-profile-pics.s3.ap-south-1.amazonaws.com/profile_pic_7d2555c1-8831-40fc-b548-5b18f72b9e70.jpeg,Jagadeesh Pondara,Asst Manager (Business Analyst) @LMG | BA (Ex-Impact) | DA (Ex-TCS) | 5⭐ SQL Python | Innobuzz Hackathon Winner 2019 | 4.5M+ Views Quora✍️ | Top 0.1% Mentor | 🏅Gold Medal in Data Analytics | Content Writer | Youtuber
Webinars / Cohorts,12,durgesh_yadav,https://topmate.io/durgesh_yadav,"'durgesh_yadav',",2337,13378,https://static.topmate.io/uD2wR7U2e4rxrVd1cRs3en.webp,Durgesh Yadav,Data Engineer & Analyst | Mentor at GeeksforGeeks & Bosscoder | Trained 50K+ Professionals in Data Analytics & Engineering | 200+ Students Placed in Top Product Companies | Content Creator (5K+ YouTube | 29K+ Instagram | 82 K Linkedin )
Webinars / Cohorts,13,ashok_aggarwal,https://topmate.io/ashok_aggarwal,"'ashok_aggarwal',",1837,107005,https://static.topmate.io/sGL6XrQiR5xDTEPGXg6oSN.jpeg,Ashok Aggarwal,"429k+ @ Instagram | 10k @ Youtube | Prev. Founder's Office @ Unstop | Invest India (Govt of India) | Guest @ LSR, SRCC, Miranda House | Incisiv, New York (Research Intern)| Not a mentor!"
Webinars / Cohorts,14,aishwarya_srinivasan,https://topmate.io/aishwarya_srinivasan,"'aishwarya_srinivasan',",1579,20851,https://static.topmate.io/7pXWU8fGN1xd6WzMQFDt9Y.avif,Aishwarya Srinivasan,Data Science| Personal Brand | LinkedIn Influencer | Startup Advisor| Content Creator | First Human at bunchpot.xyz
Webinars / Cohorts,15,datasense,https://topmate.io/datasense,"'datasense',",1302,386208,https://static.topmate.io/abFtGTtBuJLUbZTKuS9knL.jpeg,DataSense LMS,"Keep up with the evolving world of data at Data Sense. Explore events, challenges, and case studies designed to help you grow and excel in Data Analytics, AI, and Machine Learning. Join a community that learns by doing"
Webinars / Cohorts,16,abhaypsrajawat,https://topmate.io/abhaypsrajawat,"'abhaypsrajawat',",1274,219213,https://static.topmate.io/1RzySHDhaihUunNLANfBue.jpg,Abhay PS Rajawat,🌟 3+ Yrs of Freelance Video Editing Experience | 🔥 6+ Years Expertise in Video Editing | 🚀 100K+ Subscribers on YouTube
Webinars / Cohorts,17,videsh_registration,https://topmate.io/videsh_registration,"'videsh_registration',",1253,48526,https://topmate-staging.s3.ap-south-1.amazonaws.com/1VftGDTp3tR5BRJ5FGcBSk.jpeg,Videsh Services,We help you land your dream university!
Webinars / Cohorts,18,ca_sai_charan,https://topmate.io/ca_sai_charan,"'ca_sai_charan',",1218,410096,https://static.topmate.io/6HwQTqc9xehNoLi1RqY6ad.JPG,CA Sai Charan,"CA | CMA (AIR 32, AIR 12 & AIR 1) | PowerGrid | 32k+ Followers on LinkedIn | Webinar Speaker & Host - Interviews & Exams | Ex-Stan-C & CA Industrial Trainee @IOCL | Career Counsellor & Academic Mentor |"
Webinars / Cohorts,19,chirag_jain50,https://topmate.io/chirag_jain50,"'chirag_jain50',",1190,120360,https://static.topmate.io/6nXB1bmET3ZjTawUT8oJbA.png,Chirag Jain,"Hey! I am Chirag Jain, working in GAIL (India) Ltd. (A Maharatna PSU). I have cracked GATE'23 CH with AIR 50, was selected for L&T Hydrocarbon, and cleared the BARC Interview for the OCES'23 Programme for the post of Scientist-C."
Webinars / Cohorts,20,aarmabyark,https://topmate.io/aarmabyark,"'aarmabyark',",1163,1273694,https://static.topmate.io/cNwDTbDQ7AMP92DJFJFA9g.jpg,Arjuna Rao Kanigiri,Life Insurance 𝐂𝐎𝐀𝐂𝐇 & MENTOR🥇Founder Director🎗️AARMA Life Skills Pvt Ltd 🛗⚡
Webinars / Cohorts,21,priyasha_crackxat,https://topmate.io/priyasha_crackxat,"'priyasha_crackxat',",1112,383551,https://topmate-staging.s3.amazonaws.com/nJpNcyqU1EWG7NhQ2mm4LX.jpeg,Priyasha Das,Founder- CRACK XAT| GDPI Specialist | Interview Guidance| Dean's Merit | List Your Go-To-Girl for queries related to Careers | MBA | Jobs | Internships | Preparation Strategy
Webinars / Cohorts,22,knightofsteel,https://topmate.io/knightofsteel,"'knightofsteel',",1089,70098,https://static.topmate.io/vr6httS6AoXySETTg9Df6r.jpeg,Arjun Gupta,Working on Men's Mental Health | Making Research Fun | MA Psychology
Webinars / Cohorts,23,seekhobigdatainstitute,https://topmate.io/seekhobigdatainstitute,"'seekhobigdatainstitute',",1009,4970,https://topmate-staging.s3.amazonaws.com/98BtZ8YCPWrkyBrm4mAZuT.png,seekho bigdata,We Just Don't Teach we Believe in Results...Result Oriented Institute with One to One Mentorship as our Core Principle.
Webinars / Cohorts,24,msmahala,https://topmate.io/msmahala,"'msmahala',",1003,17153,https://static.topmate.io/ecjUdWtxTphqfW8zi95uNe.png,M S Mahala,Want to start or advance your career in the Social Sector? Lets Talk! LinkedIn Top Nonprofit Management Voice |  Building Ground Zero [A platform for employers/job seekers in NGO ecosystem]
Webinars / Cohorts,25,maninder_s,https://topmate.io/maninder_s,"'maninder_s',",969,24962,https://static.topmate.io/5iZeJ1Jfytb5UwVyU98e4h.png,Maninder Singh,"With 10+ years of experience in CSR and NGOs across India, I founded Jobshob Nest to raise awareness about CSR and equip individuals with skills to excel in the sector. Our mission is to bridge talent gaps.  sustainable development."
Priority DM,1,kavach_khanna01,https://topmate.io/kavach_khanna01,"'kavach_khanna01',",1998,44990,https://static.topmate.io/eDjrekgQPAyEoXS6UgGVSs.JPG,Kavach Khanna,Mentor You Always Needed
Priority DM,2,advocate_manik_goyal,https://topmate.io/advocate_manik_goyal,"'advocate_manik_goyal',",1972,413906,https://topmate-profile-pics.s3.ap-south-1.amazonaws.com/Advocate Manik-Goyal-1737907312.jpeg,Advocate Manik Goyal,Your One Stop Informational Lawyer!
Priority DM,3,pranoytez,https://topmate.io/pranoytez,"'pranoytez',",1806,33330,https://topmate-staging.s3.amazonaws.com/qZN7MuCTyE9H8Pnro33hD8.JPG,Pranoy Tez,"Software Engineer 2 at Microsoft with 8 years of experience in software engineering. I hold a Master's in Computer Science and an MBA. As an entrepreneur, I'm passionate about innovation and sharing my journey to inspire and guide others."
Priority DM,4,saurabh_shalabh,https://topmate.io/saurabh_shalabh,"'saurabh_shalabh',",1674,31536,https://topmate-profile-pics.s3.ap-south-1.amazonaws.com/Saurabh-Kumar-1673974434.jpeg,Saurabh Kumar,Sr. Data Architect  📈 @ American Express 💳 | Guest Author ✒️  @ International Magazines 📑 |  Ex-Infosys
Priority DM,5,yuvraj_singh197,https://topmate.io/yuvraj_singh197,"'yuvraj_singh197',",1592,1501821,https://topmate-profile-pics.s3.ap-south-1.amazonaws.com/profile_pic_a20dea5e-567e-4260-af24-089fcf6d40a9.jpeg,YUVRAJ SINGH,Engineer @ Comviva | Full Stack Developer | Microsoft Certified Backend Developer
Priority DM,6,priyasha_crackxat,https://topmate.io/priyasha_crackxat,"'priyasha_crackxat',",1466,383551,https://topmate-staging.s3.amazonaws.com/nJpNcyqU1EWG7NhQ2mm4LX.jpeg,Priyasha Das,Founder- CRACK XAT| GDPI Specialist | Interview Guidance| Dean's Merit | List Your Go-To-Girl for queries related to Careers | MBA | Jobs | Internships | Preparation Strategy
Priority DM,7,shivangi_tripathi,https://topmate.io/shivangi_tripathi,"'shivangi_tripathi',",1214,128831,https://static.topmate.io/nZ315iAJLb2dN72pWBb1Dt.jpg,Shivangi Tripathi,"AI ML Engineer in Cognizant | Data Science | R&I | Mentor | Ex-TCS, Capgemini"
Priority DM,8,pranay_chander,https://topmate.io/pranay_chander,"'pranay_chander',",1132,269541,https://topmate-profile-pics.s3.ap-south-1.amazonaws.com/profile_pic_973eb62a-0ef3-4e39-accc-047250e611d4.jpeg,pranay chander,"🚀 iOS Developer | Mentor | Consultant 🚀
With 7+ years in iOS development, I’ve built high-performance apps at Oracle and Infosys. I specialise in Swift, Xcode, UIKit, and optimisation. Need mentorship or tech guidance? Let’s connect! 🚀"
Priority DM,9,nishchay_agrawal,https://topmate.io/nishchay_agrawal,"'nishchay_agrawal',",882,18828,https://topmate-staging.s3.amazonaws.com/xmbU8LqLc4mAg3tt7jcpyp.jpeg,Nishchay Agrawal,"SDE IV (Senior Data Engineer) at Walmart ❤️ | SDE-2 (Data Engineer II) at Meesho 😊 | Data Engineer at Morgan Stanley, Zs Associates ✍️| Gold Medalist Uttarakhand Topper🥇 | 6k+ Youtube Subscribers| 4000+ 1:1 Sessions on Data Engineering 📊"
Priority DM,10,rd_automation_learning,https://topmate.io/rd_automation_learning,"'rd_automation_learning',",851,182149,https://static.topmate.io/rDdsqdCU2bC4q4WVrdZFEe.jpg,RD Automation Learning,"Extensive experience in software testing. Offers mock interviews, Resume review, career guidance specifically for software testing roles. Assisted 140K+ people in Software Testing & Automation. 5500+ Topmate bookings"
Priority DM,11,akash_singh79,https://topmate.io/akash_singh79,"'akash_singh79',",724,313345,https://static.topmate.io/uzgicn7shSoht4ZDVFa5KC.jpg,"Akash Singh, CPRW™","26K+ | Executive CV Writing | Executive Job Search | Non-Executive Board Members, Independent Directors, CXOs and Partners CV Writing | Global Talent Partner |  Global Tech & Executive Hiring | ATS Resume Writing | Resume Review | LinkedIn"
Priority DM,12,rishabh_gaurav,https://topmate.io/rishabh_gaurav,"'rishabh_gaurav',",723,220527,https://static.topmate.io/vDsFAxzRzUqMdXVwCWXLNj.jpg,Rishabh Gaurav,SDE II at Amazon | Ex-Oracle | Mentoring humans on interview prep and career growth.
Priority DM,13,abhishek_gupta42,https://topmate.io/abhishek_gupta42,"'abhishek_gupta42',",715,241089,https://topmate-profile-pics.s3.ap-south-1.amazonaws.com/profile_pic_73968352-289d-43ec-9315-9a01d5d2607f.jpeg,Abhishek Gupta,"SDE-2 at Microsoft | Ex-Paypal, ByteDance-Tiktok, NEC@Japan"
Priority DM,14,hiteshgarg,https://topmate.io/hiteshgarg,"'hiteshgarg',",712,135502,https://static.topmate.io/4DD7TwysUSgVoqGdBW5LUK.jpg,Hitesh Garg,Engineer @ Deloitte USI || 3X GCP || 3X AWS Certified || 3X Deloitte Top Impactor
Priority DM,15,rajat_bajaj,https://topmate.io/rajat_bajaj,"'rajat_bajaj',",591,93394,https://topmate-staging.s3.amazonaws.com/6vrLDypN7E8qqd2pbYKzZ3.png,Rajat Bajaj,"Hi! I’m here to help you navigate insurance, mutual fund selection, and career growth. From smart financial choices to job search strategies, I’ll guide you to make informed decisions. Let’s connect to achieve your goals!"
Priority DM,16,sripathi_teja,https://topmate.io/sripathi_teja,"'sripathi_teja',",551,301483,https://topmate-profile-pics.s3.ap-south-1.amazonaws.com/profile_pic_8e4d1336-aa10-44b6-8639-a17f1c0adcf1.jpeg,Sripathi Teja,Automation Test Engineer
Priority DM,17,aryan_thacker,https://topmate.io/aryan_thacker,"'aryan_thacker',",523,592064,https://static.topmate.io/aX5yiUfGT6FGXGCVzpz9LR.png,Aryan Thacker,SDE 1 @ Angel One | Helping Tier-3 College Students land Jobs off-campus | Guiding Freshers in Startups & Tech Careers | Frontend Developer
Priority DM,18,pratik_sonawane,https://topmate.io/pratik_sonawane,"'pratik_sonawane',",509,358032,https://static.topmate.io/beAcAhgD9hhCkUKgCW78Db.jpg,Pratik Sonawane,"I’m an Analyst at Amazon with a passion for helping others. I’ve guided 500+ people through resumes, LinkedIn, job search, and data tools. Recognized as a Top Data Analytics Voice on LinkedIn with 45k+ followers. Happy to help!"
Priority DM,19,anshul_goel91,https://topmate.io/anshul_goel91,"'anshul_goel91',",502,323001,https://topmate-profile-pics.s3.ap-south-1.amazonaws.com/profile_pic_90b0e930-8690-4782-952c-d2444b104829.jpeg,Anshul Goel,"Career Building | Wealth Creation | Jio | Abbott | JP Morgan Chase | SBM, NMIMS"
Priority DM,20,propel,https://topmate.io/propel,"'propel',",502,7993,https://topmate-staging.s3.amazonaws.com/xcuMaKRG9TqHcvVjDL177D.png,Product Space,Be a better Professional everyday
Priority DM,21,hardik_adenwala,https://topmate.io/hardik_adenwala,"'hardik_adenwala',",494,317918,https://static.topmate.io/jLw15aFW2AGakFRmgZxzMq.jpg,Hardik Adenwala,"Corporate Development at Accenture | M&A, Corporate Strategy, Fundraising, Business Advisory | ex-Aditya Birla Group, Quantiphi Analytics, KNAV & Co. | Chartered Accountant"
Priority DM,22,christina_khokhar,https://topmate.io/christina_khokhar,"'christina_khokhar',",490,1044551,https://topmate-profile-pics.s3.ap-south-1.amazonaws.com/profile_pic_46cf0395-daaf-412a-aa97-c10c48f9a706.jpeg,Christina Khokhar,"People & Culture Leader | Talent Management & Acquisition, Engagement, HRIS , HR Strategy | Compensation & Benefits | Scaling People Practices in Tech in Global Startups |"
Priority DM,23,aveek_sinha,https://topmate.io/aveek_sinha,"'aveek_sinha',",478,84954,https://topmate-profile-pics.s3.ap-south-1.amazonaws.com/profile_pic_846b2ae4-65b7-4ded-aea8-7bbbe3d6a21c.jpeg,Aveek Sinha,Programmer Analyst at Cognizant
Priority DM,24,ankityadavsdet,https://topmate.io/ankityadavsdet,"'ankityadavsdet',",459,270699,https://static.topmate.io/9ampKVi9oGG7Ly8LPWNuEL.JPG,Ankit Yadav,"Building a Tech Career in Malaysia | Real-world Interview Strategies, Now Shared for Your Success |  500+ professional helped. | Lessons from 21+ Interviews |"
Priority DM,25,himanshu_singour,https://topmate.io/himanshu_singour,"'himanshu_singour',",459,90937,https://static.topmate.io/hV5RrRRHgrMWNrKGmaWoi2.JPEG,Himanshu Singour,"SWE | Distributed System Passionate - System Design Enthusiast (HLD/LLD) | DSA | Near Full-Stack Developer | Google Kick Start #67 (Ranked 2404) | 25th Finalist, European Championship 2024 (EUC)"
Course Bookings,1,genzcareer,https://topmate.io/genzcareer,"'genzcareer',",2359,231684,https://static.topmate.io/29wpLPr9DLcPJ7j39rJUBd.jpg,GenZ Career,"I'm a Senior Software Developer with extensive experience in one of the leading multinational corporations. Over the years, I've had the unique opportunity to conduct over 100 interviews, giving me a deep understanding of what it takes to s"
Course Bookings,2,rahulbansaledits,https://topmate.io/rahulbansaledits,"'rahulbansaledits',",445,7143,https://static.topmate.io/eErJVeQqZ9iuhXGhpWHjdj.PNG,Rahul Bansal,VN Reels Template Expert (300K+ Instagram Followers)
Course Bookings,3,shubham_shubham11,https://topmate.io/shubham_shubham11,"'shubham_shubham11',",333,723536,https://static.topmate.io/3HUkHNdPD9DPL9Zu95WZ76.png,Shubham Shubham,Designs Wonders For App and Websites
Course Bookings,4,mayuri_ashtputre,https://topmate.io/mayuri_ashtputre,"'mayuri_ashtputre',",307,315518,https://static.topmate.io/f1ZzVneBeGcEVv1DKTjvHb.jpg,Mayuri & Pranay,"Europe Career Mentors | Ex-Banker & IT Professional | Helping You Navigate Visas, Jobs & Life in Europe. We are living in Germany for past 7+years and already helped 1000s with their career move."
Course Bookings,5,manifestingwithshraddha,https://topmate.io/manifestingwithshraddha,"'manifestingwithshraddha',",240,184132,https://static.topmate.io/ffpaAL9CCb8acmu9r9dLGj.jpeg,Shraddha Parashar,Manifestation coach who is helping you to live your dream life by VIBING HIGH ✨
Course Bookings,6,aishwarya_srinivasan,https://topmate.io/aishwarya_srinivasan,"'aishwarya_srinivasan',",212,20851,https://static.topmate.io/7pXWU8fGN1xd6WzMQFDt9Y.avif,Aishwarya Srinivasan,Data Science| Personal Brand | LinkedIn Influencer | Startup Advisor| Content Creator | First Human at bunchpot.xyz
Course Bookings,7,japneet_sachdeva,https://topmate.io/japneet_sachdeva,"'japneet_sachdeva',",211,27364,https://static.topmate.io/fovVpBy3Ad5SKHfXxD81Zs.jpeg,Japneet Sachdeva,Full Stack Test Automation Engineer | 6000+ mentees mastering QA Automation using my resources
Course Bookings,8,iamsantoshmishra,https://topmate.io/iamsantoshmishra,"'iamsantoshmishra',",194,11564,https://static.topmate.io/qhUwFPNvdVPHVC35bMgnmA.png,Santosh Kumar Mishra,Software Engineer at 𝐌𝐢𝐜𝐫𝐨𝐬𝐨𝐟𝐭 | Ex-VMware | Ex-Teradata | NIT Tiruchirappalli
Course Bookings,9,travelco,https://topmate.io/travelco,"'travelco',",175,1696871,https://static.topmate.io/upXZUhHorSWS4ky3T7Pn4A.png,Harsh Kharole,"Hi, I'm Harsh!I’m a travel content creator who loves exploring new places and helping others travel smarter."
Course Bookings,10,data_tutorials,https://topmate.io/data_tutorials,"'data_tutorials',",171,117264,https://static.topmate.io/4pdJG9rDGfYrNSdiPXYQU9.png,Swapnjeet Sir,"Lead Data AnalystExperience in field of Data and expertise on tools like Power BI, Tableau, SQL, Excel, Advanced Excel, Azure, Fabric, Power Apps, AWS, Python, SSIS, Snowflake, Data warehouse, etc."
Course Bookings,11,sachin_sharma,https://topmate.io/sachin_sharma,"'sachin_sharma',",155,3820,https://topmate-staging.s3.ap-south-1.amazonaws.com/ru1XthVWfXRXEZp6QmkAf4.JPG,Sachin Sharma,I help working IT Professionals to become Elite Product Managers | IT Product Career Coach with a 99.1% satisfaction rating 🥇 | Ex-Sr. Product Manager @BharatPe | Get help on Resume Building & Interviews 👇
Course Bookings,12,chempractice,https://topmate.io/chempractice,"'chempractice',",129,75727,https://static.topmate.io/qTtepWy24mEpH3nSo7q7Ws.jpg,vishakha Jangir,"I am a professional Chemical Engineer working in the oil & gas industry with over 3 years of experience.For the past 3+ years, I've been offering guidance to students/professionals in their coursework, exams, interview preparation, project"
Course Bookings,13,cloud,https://topmate.io/cloud,"'cloud',",112,42261,https://static.topmate.io/abCiGGCLq8unAGDzQAmtWo.jpg,Sanjeev Kumar,"DevOps • Cloud • AI Architect helping you build job-ready skills to land high-paying DevOps, Cloud & AI roles with my proven plans, real-world projects, and interview guidance.https://www.youtube.com/@DevOps-Cloud-AI"
Course Bookings,14,mehar_verma,https://topmate.io/mehar_verma,"'mehar_verma',",110,246787,https://static.topmate.io/sq4bdU4EwM6JCKCciNgMD9.jpg,Mehar Verma,"I help creators land UGC deals & work as social media strategists—without needing a big following. 

Book a call to start your journey, get clarity, and build a career brands want to work with!"
Course Bookings,15,aryanjagushte,https://topmate.io/aryanjagushte,"'aryanjagushte',",109,1396592,https://static.topmate.io/eskkx9XXabt2rR8iaYBU8W.jpg,Aryan Jagushte,Robotics Engineer | AI | Content Creator
Course Bookings,16,javainterviewbuddy,https://topmate.io/javainterviewbuddy,"'javainterviewbuddy',",106,26330,https://static.topmate.io/oTPfzd4a6Pa32QkPNhCBqg.png,Ashish Sharma,"I’m a Senior Consultant with 11+ years in enterprise-grade systems, having worked at companies like, Accenture, L&T Infotech, ITC Infotech etc."
Course Bookings,17,mounikapalli,https://topmate.io/mounikapalli,"'mounikapalli',",102,989243,https://static.topmate.io/hQAorgRcv8W1N9GHko6PeJ.png,Mounika Palli,Self-taught Data Analyst | Helping beginners break into analytics using real-world insights
Course Bookings,18,tobias_zwingmann,https://topmate.io/tobias_zwingmann,"'tobias_zwingmann',",101,22983,https://static.topmate.io/dmDqgFc73tETtmhwSjtjAd.jpeg,Tobias Zwingmann,"AI Growth Advisor & Mentor, Author of AI-Powered Business Intelligence (O'REILLY)"
Course Bookings,19,therohitprashar,https://topmate.io/therohitprashar,"'therohitprashar',",98,176970,https://static.topmate.io/qK3wL22SgknR886CLtY13R.png,Rohit Prashar,"Hi, I'm Rohit Prashar!
I help students and young people learn skills, find freelancing work, get internships, and start their own startups.

If you want easy advice, clear steps, and real support to grow in your 20s, I am here to help you."
Course Bookings,20,asifahmed,https://topmate.io/asifahmed,"'asifahmed',",93,103971,https://static.topmate.io/azZjoMjqjqqovJgcxaszdt.jpg,Asif Ahmed,"Industry Evangelist | Assistant Professor @ NEHU | AI, VLSI, Electromagnetics | 3X Featured @ Times Square | LinkedIn Data Analysis Top Voice | Author | Podcast Host."
Course Bookings,21,kaushikjethva,https://topmate.io/kaushikjethva,"'kaushikjethva',",92,999041,https://topmate-staging.s3.amazonaws.com/dguSfhNKsHsWEU7dGMQsRG.jpeg,Kaushik Jethva,"Marketing made simple. I help you run your own ads with tools, strategy & clarity. Co-founder @ Feliks Marketing | Marketing Specialist | Author | Growth Educator"
Course Bookings,22,vishwas_sunil_kshirsagar,https://topmate.io/vishwas_sunil_kshirsagar,"'vishwas_sunil_kshirsagar',",91,21068,https://topmate-staging.s3.ap-south-1.amazonaws.com/kxCPTQFuTCZCRfdDvtvJw7.jpg,Vishwas Kshirsagar,Data Analytics & Science | I Help You Land Your Dream Data Job
Course Bookings,23,qa_engineer,https://topmate.io/qa_engineer,"'qa_engineer',",84,254605,https://topmate-staging.s3.amazonaws.com/a7jwRfWJfNWSPW4w3yqsAA.jpg,Testing Corner,Selenium Expert | YouTube Educator | Automation Testing Coach | Crack Your Automation Testing Interview with Expert Guidance
Course Bookings,24,dr_isha_singh,https://topmate.io/dr_isha_singh,"'dr_isha_singh',",82,237875,https://static.topmate.io/9oiUznJV13E5RiZuPysH6h.jpeg,Dr. Isha Sharma Singh,"BDS, MHA, Certified Nutritionist (Expert in fertility diet and counselling)Fertility    coach on a mission to help women get pregnant."
Course Bookings,25,saurav_chaudhary_1,https://topmate.io/saurav_chaudhary_1,"'saurav_chaudhary_1',",77,285315,https://static.topmate.io/6jAQdbdV69pqbsr8DT4HQU.jpg,Saurav Chaudhary,"I don’t teach DevOps. I inject it into your bloodstream. From CI/CD chaos to K8s crashes, I’ve lived it. Want brutal clarity, real-world prep? Book a session. Let’s make you unf*ckwithable. 💥"
Digital Products,1,primecoding19,https://topmate.io/primecoding19,"'primecoding19',",83483,329333,https://topmate-staging.s3.amazonaws.com/fbjcSdLBa76T3rYXhCEbcu.png,Aditya Mishra,"Hi, I’m Aditya Mishra, a Global Hackathon Winner, Founder of Prime Coding (98% MNC placement rate), and YouTuber with 55k+ subs. I mentor students to excel in coding, placements, and hackathons. Let’s turn your challenges into success! 🚀"
Digital Products,2,careerwithankita,https://topmate.io/careerwithankita,"'careerwithankita',",59085,114514,https://static.topmate.io/xhawk2FdFNpAxcSf3XzaZJ.JPG,Ankita Jaiswal,"9+ Years of Industry Experience | Top Mentor | Flipkart, Tata Steel, MPL, Capgemini | 255k+ Instagram"
Digital Products,3,dataengineering,https://topmate.io/dataengineering,"'dataengineering',",51000,92292,https://static.topmate.io/qsbZkmuK39pi1XoKD2VF36.JPG,Gowtham SB,Data Engineer | PayPal | YouTuber 290K | Talks Facts Only
Digital Products,4,sanabhateja,https://topmate.io/sanabhateja,"'sanabhateja',",42431,938859,https://static.topmate.io/1v6d17vCu3NHdqrkFVd5SQ.jpeg,Sana Bhateja,CUET Guidance | Career Guidance | Du Student | Co founder The Inquisitive Mind | Biology Teacher
Digital Products,5,krishankumar,https://topmate.io/krishankumar,"'krishankumar',",33424,352593,https://topmate-profile-pics.s3.ap-south-1.amazonaws.com/profile_pic_d47f74db-b2a3-45ec-801f-5604a5221b5b.jpeg,Krishan Kumar,130K+ Linkedin | Software Engineer
Digital Products,6,ayushi_mishra,https://topmate.io/ayushi_mishra,"'ayushi_mishra',",31061,33373,https://static.topmate.io/rgkfvvHkqFZFufW3SpzbeZ.png,Ayushi Mishra,4+ Years Experienced Data Scientist | Provide Guidance for Data Science | Data Analysis | Mentor | YouTuber
Digital Products,7,thisis_alaska,https://topmate.io/thisis_alaska,"'thisis_alaska',",29839,316534,https://static.topmate.io/fJpa4r45eN2EHHsNZxoZmG.jpg,Nandini Sharma,Delhi University Gold Medalist | Founder & CEO at The Invincible Academy | Founder at Aparajita Foundation | Career Coach & CUET Mentor | Content Creator YT & IG  : 500k+
Digital Products,8,mazher_khan,https://topmate.io/mazher_khan,"'mazher_khan',",26781,105315,https://topmate-staging.s3.amazonaws.com/9NQoYHEJu9apWSS5kdpZmK.png,MAZHER KHAN,"Senior Data Analyst - 6 Years | Instagram - 160K+ |  IIT (DR-2) | Retail, E-commerce & Healthcare | Built a 200K+ Data Community (160K+ - Instagram) | SQL, Tableau, Python | Helped 55K+ Data Enthusiasts with Free Resources"
Digital Products,9,garima_jain19,https://topmate.io/garima_jain19,"'garima_jain19',",18698,1014353,https://topmate-staging.s3.amazonaws.com/u8wyCD1yX5pjTjgwW82i5m.jpg,Garima Jain,"Co-Founder @ DU Club | B.Com, Kirori Mal College (DU) | HR Consultant @ Cielo | DU & CUET Mentor | 9 to 5 HR + Full-time Creator | 120K+ Community on IG | 97% in 12th (District Topper) | Ex-Event Head @ NSS"
Digital Products,10,greatstack,https://topmate.io/greatstack,"'greatstack',",18612,179456,https://topmate-staging.s3.ap-south-1.amazonaws.com/beCDTUkJdRgHCR2iz15nEZ.png,Avinash Kumar,"I like to teach aspiring web developers at ""GreatStack"" how to code and get their dream job."
Digital Products,11,aman_vijay,https://topmate.io/aman_vijay,"'aman_vijay',",17863,11663,https://static.topmate.io/psEmjQPgrjjmBfWrXes4c1.png,Aman Vijay,VP Growth @Topmate.io
Digital Products,12,ramit_kundu,https://topmate.io/ramit_kundu,"'ramit_kundu',",13818,158579,https://topmate-profile-pics.s3.ap-south-1.amazonaws.com/profile_pic_3fb0dc2d-04d5-4fce-90d1-a1cdbe74dcdb.jpeg,Ramit Kundu,software engineer at Swiggy
Digital Products,13,letscode,https://topmate.io/letscode,"'letscode',",13640,257839,https://static.topmate.io/sq4XSSvtkriudcUdMPvnVS.jpeg,Lets Code,Empowering Tech Minds
Digital Products,14,priyasha_crackxat,https://topmate.io/priyasha_crackxat,"'priyasha_crackxat',",12744,383551,https://topmate-staging.s3.amazonaws.com/nJpNcyqU1EWG7NhQ2mm4LX.jpeg,Priyasha Das,Founder- CRACK XAT| GDPI Specialist | Interview Guidance| Dean's Merit | List Your Go-To-Girl for queries related to Careers | MBA | Jobs | Internships | Preparation Strategy
Digital Products,15,shubhammaloo,https://topmate.io/shubhammaloo,"'shubhammaloo',",10748,22414,https://topmate-staging.s3.amazonaws.com/b2xnpAGrAfgV3uWYQdpLKA.png,CA Shubham Maloo,"Finance Influencer, 8+ Years in helping you with Business Setup and Saving your taxes.GST / ROC / Income Tax / GIFT CITY / Personal Branding"
Digital Products,16,ajay_kadiyala,https://topmate.io/ajay_kadiyala,"'ajay_kadiyala',",10596,17047,https://static.topmate.io/95EcRJVWcN21fV2Vb22Wzf.jfif,kadiyala ajay,Hey There! This is Ajay Kadiyala. I help people to crack top Product based Companies.
Digital Products,17,jhoom_baba,https://topmate.io/jhoom_baba,"'jhoom_baba',",9524,845323,https://static.topmate.io/vfgEkpEzDhinak4BfVkZhB.png,Jhoom Baba,"Placed @ Deloitte (BIG 4) | Ministry of Home Affairs | 215K + Followers Instagram & Youtube | Delhi University @9 CGPA

Your soon to be FAV SENIOR !!"
Digital Products,18,kamalnanda,https://topmate.io/kamalnanda,"'kamalnanda',",9515,332842,https://topmate-profile-pics.s3.ap-south-1.amazonaws.com/profile_pic_13936e2b-e464-464b-8b55-e51c3bd9cc20.jpeg,Kamal Nanda,"Digital Marketing Manager in Canada & Freelancer
Empowering international students and newcomers to kickstart their careers in Canada."
Digital Products,19,sharmilan_vipokan,https://topmate.io/sharmilan_vipokan,"'sharmilan_vipokan',",9382,142429,https://topmate-staging.s3.ap-south-1.amazonaws.com/pMUYYqeeLWoAwmgYU9ouno.png,Sharmilan Vipokan,"I'm dedicated to helping you land your dream IT job! With experience mentoring 1000+ candidates, I guide you through the job search process, from resume building to interview prep, ensuring your fully equipped to achieve your career goals."
Digital Products,20,aman_agarwal247776,https://topmate.io/aman_agarwal247776,"'aman_agarwal247776',",8972,286825,https://static.topmate.io/4vm5g19yAJETvgVJ6ZXSWb.jpeg,Aman Agarwal,"Hi This is Aman Agarwal  Founder of ""THEBTECHFACTORY "" || TEACHER ||  Mentored 20k+ students so far and many students got placed in Big Tech Companies like TCS from our Channel ""TheBtechFactory"" ."
Digital Products,21,codtech_it_solutions,https://topmate.io/codtech_it_solutions,"'codtech_it_solutions',",8323,314224,https://static.topmate.io/odFwGNzHETa9MosE4BYiDC.jpeg,CODTECH IT SOLUTIONS,Improving Tech Skills 24/7
Digital Products,22,shreya_mahendru,https://topmate.io/shreya_mahendru,"'shreya_mahendru',",8315,152345,https://topmate-profile-pics.s3.ap-south-1.amazonaws.com/profile_pic_2db39a8c-1e5b-441c-8258-13baa79fddfd.jpeg,Shreya Mahendru,"Product for Purpose ✨ | Product @Steer Health | IIM, ESCP drop-out"
Digital Products,23,genzcareer,https://topmate.io/genzcareer,"'genzcareer',",8200,231684,https://static.topmate.io/29wpLPr9DLcPJ7j39rJUBd.jpg,GenZ Career,"I'm a Senior Software Developer with extensive experience in one of the leading multinational corporations. Over the years, I've had the unique opportunity to conduct over 100 interviews, giving me a deep understanding of what it takes to s"
Digital Products,24,rajat_jain01,https://topmate.io/rajat_jain01,"'rajat_jain01',",7963,346448,https://topmate-profile-pics.s3.ap-south-1.amazonaws.com/Rajat-Jain-1731575187.jpeg,Rajat Jain,Senior Data Analyst | Microsoft Certified Data Analyst | DAX | Power BI |  | Dashboard Developer | SQL | Power BI Trainer | Mentor | Data Visualization
Digital Products,25,surbhigupta,https://topmate.io/surbhigupta,"'surbhigupta',",7544,1128622,https://static.topmate.io/9dNf8hji6EinpW9xdC9X56.JPG,Surbhi Gupta,"Founder – CUET MARG & Surbhi Gupta Academy🎓 M.Sc. Economics | BA (H) Eco – DRC, DU | B.Ed | 100%iler CUET Eco (2023)🧠 Certified Emotional Intelligence Coach – University of Michigan📚 CUET, CBSE, ISC, Class 11 and 12🧠 Career Mentor"
Total Views,1,greatstack,https://topmate.io/greatstack,"'greatstack',",440033,179456,https://topmate-staging.s3.ap-south-1.amazonaws.com/beCDTUkJdRgHCR2iz15nEZ.png,Avinash Kumar,"I like to teach aspiring web developers at ""GreatStack"" how to code and get their dream job."
Total Views,2,shubham_wadekar,https://topmate.io/shubham_wadekar,"'shubham_wadekar',",380891,192597,https://static.topmate.io/pGbDwovAjJJLnk26TPz6D4.jpg,Shubham Wadekar,"Hi, I am Shubham Wadekar. I guide people aspiring for Data Engineer roles."
Total Views,3,thisis_alaska,https://topmate.io/thisis_alaska,"'thisis_alaska',",316859,316534,https://static.topmate.io/fJpa4r45eN2EHHsNZxoZmG.jpg,Nandini Sharma,Delhi University Gold Medalist | Founder & CEO at The Invincible Academy | Founder at Aparajita Foundation | Career Coach & CUET Mentor | Content Creator YT & IG  : 500k+
Total Views,4,ashok_aggarwal,https://topmate.io/ashok_aggarwal,"'ashok_aggarwal',",261978,107005,https://static.topmate.io/sGL6XrQiR5xDTEPGXg6oSN.jpeg,Ashok Aggarwal,"429k+ @ Instagram | 10k @ Youtube | Prev. Founder's Office @ Unstop | Invest India (Govt of India) | Guest @ LSR, SRCC, Miranda House | Incisiv, New York (Research Intern)| Not a mentor!"
Total Views,5,ayushi_mishra,https://topmate.io/ayushi_mishra,"'ayushi_mishra',",219331,33373,https://static.topmate.io/rgkfvvHkqFZFufW3SpzbeZ.png,Ayushi Mishra,4+ Years Experienced Data Scientist | Provide Guidance for Data Science | Data Analysis | Mentor | YouTuber
Total Views,6,data_tutorials,https://topmate.io/data_tutorials,"'data_tutorials',",203330,117264,https://static.topmate.io/4pdJG9rDGfYrNSdiPXYQU9.png,Swapnjeet Sir,"Lead Data AnalystExperience in field of Data and expertise on tools like Power BI, Tableau, SQL, Excel, Advanced Excel, Azure, Fabric, Power Apps, AWS, Python, SSIS, Snowflake, Data warehouse, etc."
Total Views,7,sdejobsandinternships,https://topmate.io/sdejobsandinternships,"'sdejobsandinternships',",184045,274282,https://static.topmate.io/6aK1FByyykUPSUfXmSorab.jpg,SDE Jobs and Internships,We are offering referral opportunities for internships and full-time jobs. We hope this helps you in building your corporate journey.
Total Views,8,gakshay,https://topmate.io/gakshay,"'gakshay',",160377,271153,https://topmate-profile-pics.s3.ap-south-1.amazonaws.com/profile_pic_0a16cd50-ca54-47fa-8b09-b7251de781c0.jpeg,Akshay Gundewar,Principal Software Engineer at OCI | Ex Microsoft | JavaScript | React | Node
Total Views,9,renuka_r_singh,https://topmate.io/renuka_r_singh,"'renuka_r_singh',",154762,259136,https://static.topmate.io/uedrxfTKz621JUjmGHC8Rw.jpeg,Renuka R Singh,Health coach & Nutritionist
Total Views,10,ketan_goel_analytics_expert,https://topmate.io/ketan_goel_analytics_expert,"'ketan_goel_analytics_expert',",130524,36947,https://static.topmate.io/ihahp5zRNcCzAnUWJiX2Nm.jpeg,Ketan Goel,"Analytics Lead @Meesho | Linkedin 170k+ Followers
Whatsapp Job Updates  Community 100k+ Members
6+ Years Analytics Experience
Interviewed 300+ profiles for Analytics roles 
Career Transition Mentor 
Instagram username: _goel_ketan"
Total Views,11,bhavesh_arora,https://topmate.io/bhavesh_arora,"'bhavesh_arora',",122486,332589,https://topmate-profile-pics.s3.ap-south-1.amazonaws.com/profile_pic_8fd2f86b-98b7-4c5c-a39f-a7285bb7324f.jpeg,Bhavesh Arora,Helped 500+ Job Seekers to land their Jobs | Data Scientist | American Express
Total Views,12,ajay_shenoy,https://topmate.io/ajay_shenoy,"'ajay_shenoy',",116707,61820,https://static.topmate.io/7Jn6xiUrQsncihaSqFGp6J.png,Ajay Shenoy,14+ yrs in AI/ML: Industry + IISc PhD | Harman | Target | NITK
Total Views,13,genzcareer,https://topmate.io/genzcareer,"'genzcareer',",113656,231684,https://static.topmate.io/29wpLPr9DLcPJ7j39rJUBd.jpg,GenZ Career,"I'm a Senior Software Developer with extensive experience in one of the leading multinational corporations. Over the years, I've had the unique opportunity to conduct over 100 interviews, giving me a deep understanding of what it takes to s"
Total Views,14,dataengineering,https://topmate.io/dataengineering,"'dataengineering',",112455,92292,https://static.topmate.io/qsbZkmuK39pi1XoKD2VF36.JPG,Gowtham SB,Data Engineer | PayPal | YouTuber 290K | Talks Facts Only
Total Views,15,nagashruthi_k,https://topmate.io/nagashruthi_k,"'nagashruthi_k',",105781,613795,https://topmate-staging.s3.amazonaws.com/4tp92NvpwxJR6KW8ZdkyCe.jpeg,Nagashruthi K,Travel Enthusiast and a planner
Total Views,16,qabytopmate,https://topmate.io/qabytopmate,"'qabytopmate',",105605,13586,https://static.topmate.io/teYrUZmVeLZhSYL1D2LkXb.jpeg,Topmate QA,Quality engineer
Total Views,17,primecoding19,https://topmate.io/primecoding19,"'primecoding19',",99125,329333,https://topmate-staging.s3.amazonaws.com/fbjcSdLBa76T3rYXhCEbcu.png,Aditya Mishra,"Hi, I’m Aditya Mishra, a Global Hackathon Winner, Founder of Prime Coding (98% MNC placement rate), and YouTuber with 55k+ subs. I mentor students to excel in coding, placements, and hackathons. Let’s turn your challenges into success! 🚀"
Total Views,18,mazher_khan,https://topmate.io/mazher_khan,"'mazher_khan',",99119,105315,https://topmate-staging.s3.amazonaws.com/9NQoYHEJu9apWSS5kdpZmK.png,MAZHER KHAN,"Senior Data Analyst - 6 Years | Instagram - 160K+ |  IIT (DR-2) | Retail, E-commerce & Healthcare | Built a 200K+ Data Community (160K+ - Instagram) | SQL, Tableau, Python | Helped 55K+ Data Enthusiasts with Free Resources"
Total Views,19,ajay_kadiyala,https://topmate.io/ajay_kadiyala,"'ajay_kadiyala',",94074,17047,https://static.topmate.io/95EcRJVWcN21fV2Vb22Wzf.jfif,kadiyala ajay,Hey There! This is Ajay Kadiyala. I help people to crack top Product based Companies.
Total Views,20,aakash_yadav17,https://topmate.io/aakash_yadav17,"'aakash_yadav17',",87742,613723,https://topmate-staging.s3.amazonaws.com/x5BtFQ9rXkMZjgJMtBHDRB.jfif,Aakash Yadav,Senior Cybersecurity Professional
Total Views,21,harry_singh12,https://topmate.io/harry_singh12,"'harry_singh12',",84721,231234,https://static.topmate.io/uoEhpSSs52TqJb262PToCT.jpeg,Harry Singh,Professional Visa Consultation
Total Views,22,aishwarya_srinivasan,https://topmate.io/aishwarya_srinivasan,"'aishwarya_srinivasan',",84029,20851,https://static.topmate.io/7pXWU8fGN1xd6WzMQFDt9Y.avif,Aishwarya Srinivasan,Data Science| Personal Brand | LinkedIn Influencer | Startup Advisor| Content Creator | First Human at bunchpot.xyz
Total Views,23,sanjay_kumar50,https://topmate.io/sanjay_kumar50,"'sanjay_kumar50',",81497,546722,https://topmate-staging.s3.amazonaws.com/b27HKs4Y3ohGuXrEuMs6Mt.JPG,Sanjay Kumar,Software Engineer with 12+ experience
Total Views,24,atul_gupta14,https://topmate.io/atul_gupta14,"'atul_gupta14',",72393,613482,https://topmate-staging.s3.amazonaws.com/eMH1Xix9YfWhrE7WZvuXo9.jpg,Atul Gupta,Banking and Insurance specialist
Total Views,25,manglam_sen,https://topmate.io/manglam_sen,"'manglam_sen',",71422,335437,https://topmate-profile-pics.s3.ap-south-1.amazonaws.com/profile_pic_996150a6-2fd8-459a-b161-7cfef0710e9a.jpeg,manglam sen,IT Solution Expert @ Siemens | Java |  SQL | 4* @HackerRank | Co-Founder @Kn Academy | Salesforce Certified